,BENCH_PRESS,BODY_FAT_PCT,CLASS,COLLEGE_BREAK_LEFT_ATTEMPT,COLLEGE_BREAK_LEFT_MADE,COLLEGE_BREAK_LEFT_PCT,COLLEGE_BREAK_RIGHT_ATTEMPT,COLLEGE_BREAK_RIGHT_MADE,COLLEGE_BREAK_RIGHT_PCT,COLLEGE_CORNER_LEFT_ATTEMPT,COLLEGE_CORNER_LEFT_MADE,COLLEGE_CORNER_LEFT_PCT,COLLEGE_CORNER_RIGHT_ATTEMPT,COLLEGE_CORNER_RIGHT_MADE,COLLEGE_CORNER_RIGHT_PCT,COLLEGE_TOP_KEY_ATTEMPT,COLLEGE_TOP_KEY_MADE,COLLEGE_TOP_KEY_PCT,FIFTEEN_BREAK_LEFT_ATTEMPT,FIFTEEN_BREAK_LEFT_MADE,FIFTEEN_BREAK_LEFT_PCT,FIFTEEN_BREAK_RIGHT_ATTEMPT,FIFTEEN_BREAK_RIGHT_MADE,FIFTEEN_BREAK_RIGHT_PCT,FIFTEEN_CORNER_LEFT_ATTEMPT,FIFTEEN_CORNER_LEFT_MADE,FIFTEEN_CORNER_LEFT_PCT,FIFTEEN_CORNER_RIGHT_ATTEMPT,FIFTEEN_CORNER_RIGHT_MADE,FIFTEEN_CORNER_RIGHT_PCT,FIFTEEN_TOP_KEY_ATTEMPT,FIFTEEN_TOP_KEY_MADE,FIFTEEN_TOP_KEY_PCT,FIRST_NAME,HAND_LENGTH,HAND_WIDTH,HEIGHT_WO_SHOES,HEIGHT_WO_SHOES_FT_IN,HEIGHT_W_SHOES,HEIGHT_W_SHOES_FT_IN,LANE_AGILITY_TIME,LAST_NAME,MAX_VERTICAL_LEAP,MODIFIED_LANE_AGILITY_TIME,NBA_BREAK_LEFT_ATTEMPT,NBA_BREAK_LEFT_MADE,NBA_BREAK_LEFT_PCT,NBA_BREAK_RIGHT_ATTEMPT,NBA_BREAK_RIGHT_MADE,NBA_BREAK_RIGHT_PCT,NBA_CORNER_LEFT_ATTEMPT,NBA_CORNER_LEFT_MADE,NBA_CORNER_LEFT_PCT,NBA_CORNER_RIGHT_ATTEMPT,NBA_CORNER_RIGHT_MADE,NBA_CORNER_RIGHT_PCT,NBA_TOP_KEY_ATTEMPT,NBA_TOP_KEY_MADE,NBA_TOP_KEY_PCT,OFF_DRIB_COLLEGE_BREAK_LEFT,OFF_DRIB_COLLEGE_BREAK_LEFT_ATTEMPT,OFF_DRIB_COLLEGE_BREAK_LEFT_MADE,OFF_DRIB_COLLEGE_BREAK_LEFT_PCT,OFF_DRIB_COLLEGE_BREAK_RIGHT,OFF_DRIB_COLLEGE_BREAK_RIGHT_ATTEMPT,OFF_DRIB_COLLEGE_BREAK_RIGHT_MADE,OFF_DRIB_COLLEGE_BREAK_RIGHT_PCT,OFF_DRIB_COLLEGE_TOP_KEY,OFF_DRIB_COLLEGE_TOP_KEY_ATTEMPT,OFF_DRIB_COLLEGE_TOP_KEY_MADE,OFF_DRIB_COLLEGE_TOP_KEY_PCT,OFF_DRIB_FIFTEEN_BREAK_LEFT,OFF_DRIB_FIFTEEN_BREAK_LEFT_ATTEMPT,OFF_DRIB_FIFTEEN_BREAK_LEFT_MADE,OFF_DRIB_FIFTEEN_BREAK_LEFT_PCT,OFF_DRIB_FIFTEEN_BREAK_RIGHT,OFF_DRIB_FIFTEEN_BREAK_RIGHT_ATTEMPT,OFF_DRIB_FIFTEEN_BREAK_RIGHT_MADE,OFF_DRIB_FIFTEEN_BREAK_RIGHT_PCT,OFF_DRIB_FIFTEEN_TOP_KEY,OFF_DRIB_FIFTEEN_TOP_KEY_ATTEMPT,OFF_DRIB_FIFTEEN_TOP_KEY_MADE,OFF_DRIB_FIFTEEN_TOP_KEY_PCT,ON_MOVE_COLLEGE,ON_MOVE_COLLEGE_ATTEMPT,ON_MOVE_COLLEGE_MADE,ON_MOVE_COLLEGE_PCT,ON_MOVE_FIFTEEN,ON_MOVE_FIFTEEN_ATTEMPT,ON_MOVE_FIFTEEN_MADE,ON_MOVE_FIFTEEN_PCT,PLAYER_ID,PLAYER_NAME,POSITION,SEASON,SPOT_COLLEGE_BREAK_LEFT,SPOT_COLLEGE_BREAK_RIGHT,SPOT_COLLEGE_CORNER_LEFT,SPOT_COLLEGE_CORNER_RIGHT,SPOT_COLLEGE_TOP_KEY,SPOT_FIFTEEN_BREAK_LEFT,SPOT_FIFTEEN_BREAK_RIGHT,SPOT_FIFTEEN_CORNER_LEFT,SPOT_FIFTEEN_CORNER_RIGHT,SPOT_FIFTEEN_TOP_KEY,SPOT_NBA_BREAK_LEFT,SPOT_NBA_BREAK_RIGHT,SPOT_NBA_CORNER_LEFT,SPOT_NBA_CORNER_RIGHT,SPOT_NBA_TOP_KEY,STANDING_REACH,STANDING_REACH_FT_IN,STANDING_VERTICAL_LEAP,TEMP_PLAYER_ID,THREE_QUARTER_SPRINT,WEIGHT,WINGSPAN,WINGSPAN_FT_IN,PERSON_ID
0,,6.9,2016-17,,,,,,,,,,,,,,,,,,,,,,,,,,,,,,,Malik,8.5,9.0,75.5,6' 3.5'',76.5,6' 4.5'',,Beasley,,0.0,,,,,,,,,,,,,,,,,,,,,,,,,,,,,,,,,,,,,,,,,,,,,,,,,Malik Beasley,SG,2016,,,,,,,,,,,,,,,,100.5,8' 4.5'',,16003.0,,189.8,79.0,6' 7'',1627736
1,,7.0,2016-17,,,,,,,,,,,,,,,,5.0,2.0,0.4,5.0,4.0,0.8,5.0,2.0,0.4,5.0,4.0,0.8,5.0,3.0,0.6,DeAndre,8.0,9.25,76.25,6' 4.25'',77.75,6' 5.75'',10.9,Bembry,38.0,2.87,5.0,4.0,0.8,5.0,1.0,0.2,5.0,1.0,0.2,5.0,4.0,0.8,5.0,2.0,0.4,,,,,,,,,,,,,2-6,6.0,2.0,0.333,3-6,6.0,3.0,0.5,2-6,6.0,2.0,0.333,6-10,10.0,6.0,0.6,4-9,9.0,4.0,0.444,,DeAndre Bembry,SG-SF,2016,,,,,,2-5,4-5,2-5,4-5,3-5,4-5,1-5,1-5,4-5,2-5,101.0,8' 5'',32.0,16004.0,3.17,206.6,81.25,6' 9.25'',1627761
2,,9.7,2016-17,,,,,,,,,,,,,,,,5.0,3.0,0.6,5.0,4.0,0.8,5.0,2.0,0.4,5.0,4.0,0.8,5.0,4.0,0.8,Ben,9.5,10.0,79.25,6' 7.25'',80.25,6' 8.25'',11.16,Bentil,33.0,3.1,5.0,3.0,0.6,5.0,4.0,0.8,5.0,2.0,0.4,5.0,2.0,0.4,5.0,3.0,0.6,,,,,,,,,,,,,5-6,6.0,5.0,0.833,3-6,6.0,3.0,0.5,3-6,6.0,3.0,0.5,,,,,20-30,30.0,20.0,0.667,,Ben Bentil,PF,2016,,,,,,3-5,4-5,2-5,4-5,4-5,3-5,4-5,2-5,2-5,3-5,105.0,8' 9'',29.0,16005.0,3.3,229.2,85.5,7' 1.5'',1627791
3,,5.15,2016-17,,,,,,,,,,,,,,,,5.0,5.0,1.0,5.0,2.0,0.4,5.0,2.0,0.4,5.0,3.0,0.6,5.0,5.0,1.0,Joel,9.0,10.25,79.5,6' 7.5'',81.0,6' 9'',10.26,Bolomboy,40.5,2.86,5.0,2.0,0.4,5.0,2.0,0.4,5.0,3.0,0.6,5.0,4.0,0.8,5.0,3.0,0.6,,,,,,,,,,,,,5-6,6.0,5.0,0.833,4-6,6.0,4.0,0.667,4-6,6.0,4.0,0.667,8-10,10.0,8.0,0.8,8-11,11.0,8.0,0.727,,Joel Bolomboy,PF,2016,,,,,,5-5,2-5,2-5,3-5,5-5,2-5,2-5,3-5,4-5,3-5,103.5,8' 7.5'',37.5,16007.0,3.17,224.4,85.75,7' 1.75'',1627762
4,,5.4,2016-17,,,,,,,,,,,,,,,,5.0,5.0,1.0,5.0,4.0,0.8,5.0,3.0,0.6,5.0,5.0,1.0,5.0,4.0,0.8,Malcolm,9.0,10.25,75.75,6' 3.75'',77.5,6' 5.5'',10.77,Brogdon,35.5,2.64,5.0,4.0,0.8,5.0,2.0,0.4,5.0,3.0,0.6,5.0,4.0,0.8,5.0,0.0,0.0,,,,,,,,,,,,,2-6,6.0,2.0,0.333,5-6,6.0,5.0,0.833,4-6,6.0,4.0,0.667,9-11,11.0,9.0,0.818,9-11,11.0,9.0,0.818,,Malcolm Brogdon,SG,2016,,,,,,5-5,4-5,3-5,5-5,4-5,4-5,2-5,3-5,4-5,0-5,98.0,8' 2'',30.5,16008.0,3.31,223,82.5,6' 10.5'',1627763
5,,5.05,2016-17,,,,,,,,,,,,,,,,,,,,,,,,,,,,,,,Jaylen,8.75,9.0,77.25,6' 5.25'',78.75,6' 6.75'',,Brown,,,,,,,,,,,,,,,,,,,,,,,,,,,,,,,,,,,,,,,,,,,,,,,,,,,Jaylen Brown,SG-SF,2016,,,,,,,,,,,,,,,,102.5,8' 6.5'',,16009.0,,222.8,83.75,6' 11.75'',1627759
6,,8.5,2016-17,,,,,,,,,,,,,,,,,,,,,,,,,,,,,,,Marquese,9.0,9.0,80.75,6' 8.75'',82.0,6' 10'',11.93,Chriss,38.5,3.05,,,,,,,,,,,,,,,,,,,,,,,,,,,,,,,,,,,,,,,,,,,,,,,,,Marquese Chriss,PF,2016,,,,,,,,,,,,,,,,105.0,8' 9'',32.5,16011.0,3.26,233,84.25,7' 0.25'',1627737
7,,4.8,2016-17,5.0,5.0,1.0,5.0,3.0,0.6,5.0,4.0,0.8,5.0,4.0,0.8,5.0,2.0,0.4,,,,,,,,,,,,,,,,Isaiah,8.25,8.75,75.25,6' 3.25'',76.5,6' 4.5'',10.79,Cousins,37.0,2.97,5.0,3.0,0.6,5.0,4.0,0.8,5.0,4.0,0.8,5.0,4.0,0.8,5.0,2.0,0.4,,,,,,,,,,,,,5-6,6.0,5.0,0.833,5-6,6.0,5.0,0.833,5-6,6.0,5.0,0.833,,,,,22-33,33.0,22.0,0.667,,Isaiah Cousins,PG,2016,5-5,3-5,4-5,4-5,2-5,,,,,,3-5,4-5,4-5,4-5,2-5,98.5,8' 2.5'',30.5,16013.0,3.24,194,78.25,6' 6.25'',1627766
8,,9.7,2016-17,,,,,,,,,,,,,,,,,,,,,,,,,,,,,,,Deyonta,9.0,9.25,81.25,6' 9.25'',82.5,6' 10.5'',,Davis,,,,,,,,,,,,,,,,,,,,,,,,,,,,,,,,,,,,,,,,,,,,,,,,,,,Deyonta Davis,PF,2016,,,,,,,,,,,,,,,,108.5,9' 0.5'',,16014.0,,237.2,86.5,7' 2.5'',1627738
9,,5.6,2016-17,,,,,,,,,,,,,,,,5.0,3.0,0.6,5.0,4.0,0.8,5.0,2.0,0.4,5.0,5.0,1.0,5.0,3.0,0.6,Cheick,8.5,9.75,79.5,6' 7.5'',81.0,6' 9'',11.24,Diallo,35.0,3.3,5.0,4.0,0.8,5.0,0.0,0.0,5.0,2.0,0.4,5.0,2.0,0.4,5.0,2.0,0.4,,,,,,,,,,,,,3-6,6.0,3.0,0.5,3-6,6.0,3.0,0.5,5-6,6.0,5.0,0.833,,,,,15-32,32.0,15.0,0.469,,Cheick Diallo,PF,2016,,,,,,3-5,4-5,2-5,5-5,3-5,4-5,0-5,2-5,2-5,2-5,107.5,8' 11.5'',31.0,16015.0,3.26,218.6,88.5,7' 4.5'',1627767
10,,,2016-17,,,,,,,,,,,,,,,,,,,,,,,,,,,,,,,Kris,,,75.0,6' 3'',76.25,6' 4.25'',,Dunn,,,,,,,,,,,,,,,,,,,,,,,,,,,,,,,,,,,,,,,,,,,,,,,,,,,Kris Dunn,PG,2016,,,,,,,,,,,,,,,,100.0,8' 4'',,16016.0,,,81.5,6' 9.5'',1627739
11,,11.2,2016-17,,,,,,,,,,,,,,,,,,,,,,,,,,,,,,,Henry,8.5,9.75,82.0,6' 10'',83.5,6' 11.5'',,Ellenson,,,,,,,,,,,,,,,,,,,,,,,,,,,,,,,,,,,,,,,,,,,,,,,,,,,Henry Ellenson,PF,2016,,,,,,,,,,,,,,,,108.0,9' 0'',,16017.0,,242,86.25,7' 2.25'',1627740
12,,5.8,2016-17,,,,,,,,,,,,,,,,5.0,3.0,0.6,5.0,2.0,0.4,5.0,1.0,0.2,5.0,4.0,0.8,5.0,5.0,1.0,Kay,8.25,8.5,68.25,5' 8.25'',69.5,5' 9.5'',11.52,Felder,44.0,2.9,5.0,0.0,0.0,5.0,3.0,0.6,5.0,2.0,0.4,5.0,4.0,0.8,5.0,4.0,0.8,,,,,,,,,,,,,1-6,6.0,1.0,0.167,4-6,6.0,4.0,0.667,3-6,6.0,3.0,0.5,7-10,10.0,7.0,0.7,7-11,11.0,7.0,0.636,,Kay Felder,PG,2016,,,,,,3-5,2-5,1-5,4-5,5-5,0-5,3-5,2-5,4-5,4-5,88.5,7' 4.5'',35.5,16020.0,3.15,177.2,74.5,6' 2.5'',1627770
13,,5.4,2016-17,,,,,,,,,,,,,,,,5.0,1.0,0.2,5.0,4.0,0.8,5.0,3.0,0.6,5.0,2.0,0.4,5.0,2.0,0.4,Michael,8.0,9.0,77.5,6' 5.5'',78.75,6' 6.75'',11.0,Gbinije,37.5,3.19,5.0,4.0,0.8,5.0,2.0,0.4,5.0,4.0,0.8,5.0,2.0,0.4,5.0,1.0,0.2,,,,,,,,,,,,,3-6,6.0,3.0,0.5,4-6,6.0,4.0,0.667,3-6,6.0,3.0,0.5,6-11,11.0,6.0,0.545,7-11,11.0,7.0,0.636,,Michael Gbinije,SG,2016,,,,,,1-5,4-5,3-5,2-5,2-5,4-5,2-5,4-5,2-5,1-5,101.0,8' 5'',33.5,16022.0,3.12,204.6,79.5,6' 7.5'',1627771
14,,5.95,2016-17,,,,,,,,,,,,,,,,5.0,2.0,0.4,5.0,1.0,0.2,5.0,3.0,0.6,5.0,3.0,0.6,5.0,2.0,0.4,Daniel,9.0,8.5,78.25,6' 6.25'',80.0,6' 8'',11.48,Hamilton,29.0,3.2,5.0,4.0,0.8,5.0,3.0,0.6,5.0,1.0,0.2,5.0,2.0,0.4,5.0,1.0,0.2,,,,,,,,,,,,,3-6,6.0,3.0,0.5,4-6,6.0,4.0,0.667,6-6,6.0,6.0,1.0,8-11,11.0,8.0,0.727,8-11,11.0,8.0,0.727,,Daniel Hamilton,SG-SF,2016,,,,,,2-5,1-5,3-5,3-5,2-5,4-5,3-5,1-5,2-5,1-5,103.5,8' 7.5'',26.0,16023.0,3.4,197,81.0,6' 9'',1627772
15,,6.1,2016-17,,,,,,,,,,,,,,,,,,,,,,,,,,,,,,,Buddy,8.5,9.0,75.75,6' 3.75'',77.0,6' 5'',,Hield,,,,,,,,,,,,,,,,,,,,,,,,,,,,,,,,,,,,,,,,,,,,,,,,,,,Buddy Hield,SG,2016,,,,,,,,,,,,,,,,101.0,8' 5'',,16027.0,,212.4,81.25,6' 9.25'',1627741
16,,6.5,2016-17,,,,,,,,,,,,,,,,,,,,,,,,,,,,,,,Demetrius,8.25,9.0,72.0,6' 0'',73.25,6' 1.25'',10.81,Jackson,43.5,2.87,,,,,,,,,,,,,,,,,,,,,,,,,,,,,,,,,,,,,,,,,,,,,,,,,Demetrius Jackson,PG,2016,,,,,,,,,,,,,,,,93.0,7' 9'',37.5,16029.0,3.25,193.8,77.5,6' 5.5'',1627743
17,,7.5,2016-17,,,,,,,,,,,,,,,,,,,,,,,,,,,,,,,Brice,9.0,8.25,81.0,6' 9'',82.5,6' 10.5'',11.88,Johnson,38.0,2.94,,,,,,,,,,,,,,,,,,,,,,,,,,,,,,,,,,,,,,,,,,,,,,,,,Brice Johnson,PF,2016,,,,,,,,,,,,,,,,106.5,8' 10.5'',33.5,16031.0,3.2,208.6,84.5,7' 0.5'',1627744
18,,6.55,2016-17,,,,,,,,,,,,,,,,5.0,2.0,0.4,5.0,1.0,0.2,5.0,2.0,0.4,5.0,4.0,0.8,5.0,2.0,0.4,Damian,8.75,10.5,82.25,6' 10.25'',83.5,6' 11.5'',11.35,Jones,37.0,3.12,5.0,4.0,0.8,5.0,3.0,0.6,5.0,3.0,0.6,5.0,3.0,0.6,5.0,2.0,0.4,,,,,,,,,,,,,3-6,6.0,3.0,0.5,1-6,6.0,1.0,0.167,5-6,6.0,5.0,0.833,,,,,18-31,31.0,18.0,0.581,,Damian Jones,C,2016,,,,,,2-5,1-5,2-5,4-5,2-5,4-5,3-5,3-5,3-5,2-5,107.0,8' 11'',36.0,16032.0,3.2,243.6,87.75,7' 3.75'',1627745
19,,5.7,2016-17,,,,,,,,,,,,,,,,,,,,,,,,,,,,,,,Skal,8.75,9.0,82.5,6' 10.5'',83.75,6' 11.75'',,Labissiere,,,,,,,,,,,,,,,,,,,,,,,,,,,,,,,,,,,,,,,,,,,,,,,,,,,Skal Labissiere,PF-C,2016,,,,,,,,,,,,,,,,105.5,8' 9.5'',,16033.0,,215.8,86.5,7' 2.5'',1627746
20,,7.1,2016-17,,,,,,,,,,,,,,,,5.0,4.0,0.8,5.0,4.0,0.8,5.0,4.0,0.8,5.0,4.0,0.8,5.0,3.0,0.6,Jake,8.25,9.25,80.0,6' 8'',81.25,6' 9.25'',11.35,Layman,39.5,2.82,5.0,4.0,0.8,5.0,4.0,0.8,5.0,3.0,0.6,5.0,5.0,1.0,5.0,1.0,0.2,,,,,,,,,,,,,2-6,6.0,2.0,0.333,5-6,6.0,5.0,0.833,5-6,6.0,5.0,0.833,6-11,11.0,6.0,0.545,9-11,11.0,9.0,0.818,,Jake Layman,SF,2016,,,,,,4-5,4-5,4-5,4-5,3-5,4-5,4-5,3-5,5-5,1-5,102.0,8' 6'',33.0,16035.0,3.24,208.6,81.25,6' 9.25'',1627774
21,,7.55,2016-17,,,,,,,,,,,,,,,,,,,,,,,,,,,,,,,Caris,8.5,9.25,77.75,6' 5.75'',79.0,6' 7'',,LeVert,,,,,,,,,,,,,,,,,,,,,,,,,,,,,,,,,,,,,,,,,,,,,,,,,,,Caris LeVert,SG,2016,,,,,,,,,,,,,,,,101.0,8' 5'',,16037.0,,191,82.0,6' 10'',1627747
22,,6.05,2016-17,,,,,,,,,,,,,,,,,,,,,,,,,,,,,,,Thon,8.75,9.5,83.75,6' 11.75'',84.75,7' 0.75'',11.15,Maker,36.5,3.09,,,,,,,,,,,,,,,,,,,,,,,,,,,,,,,,,,,,,,,,,,,,,,,,,Thon Maker,PF,2016,,,,,,,,,,,,,,,,110.5,9' 2.5'',32.0,16038.0,3.33,216,87.0,7' 3'',1627748
23,,4.7,2016-17,,,,,,,,,,,,,,,,5.0,5.0,1.0,5.0,2.0,0.4,5.0,2.0,0.4,5.0,3.0,0.6,5.0,2.0,0.4,Patrick,8.75,8.75,77.25,6' 5.25'',78.75,6' 6.75'',11.01,McCaw,38.0,2.97,5.0,3.0,0.6,5.0,1.0,0.2,5.0,2.0,0.4,5.0,3.0,0.6,5.0,4.0,0.8,,,,,,,,,,,,,4-6,6.0,4.0,0.667,5-6,6.0,5.0,0.833,3-6,6.0,3.0,0.5,7-11,11.0,7.0,0.636,6-9,9.0,6.0,0.667,,Patrick McCaw,PG-SG,2016,,,,,,5-5,2-5,2-5,3-5,2-5,3-5,1-5,2-5,3-5,4-5,100.5,8' 4.5'',30.0,16039.0,3.3,180.8,82.0,6' 10'',1627775
24,,10.05,2016-17,,,,,,,,,,,,,,,,5.0,3.0,0.6,5.0,4.0,0.8,5.0,4.0,0.8,5.0,5.0,1.0,5.0,4.0,0.8,Georges,9.25,9.25,78.75,6' 6.75'',80.5,6' 8.5'',11.64,Niang,31.0,3.17,5.0,5.0,1.0,5.0,3.0,0.6,5.0,5.0,1.0,5.0,3.0,0.6,5.0,4.0,0.8,,,,,,,,,,,,,6-6,6.0,6.0,1.0,4-6,6.0,4.0,0.667,2-6,6.0,2.0,0.333,,,,,22-30,30.0,22.0,0.733,,Georges Niang,PF,2016,,,,,,3-5,4-5,4-5,5-5,4-5,5-5,3-5,5-5,3-5,4-5,103.0,8' 7'',25.0,16043.0,3.49,230.8,82.0,6' 10'',1627777
25,,8.55,2016-17,,,,,,,,,,,,,,,,5.0,2.0,0.4,5.0,4.0,0.8,5.0,3.0,0.6,5.0,2.0,0.4,5.0,4.0,0.8,Chinanu,9.0,8.0,81.0,6' 9'',82.0,6' 10'',11.65,Onuaku,33.5,3.0,5.0,2.0,0.4,5.0,1.0,0.2,5.0,2.0,0.4,5.0,1.0,0.2,5.0,2.0,0.4,,,,,,,,,,,,,2-6,6.0,2.0,0.333,4-6,6.0,4.0,0.667,3-6,6.0,3.0,0.5,,,,,19-33,33.0,19.0,0.576,,Chinanu Onuaku,C,2016,,,,,,2-5,4-5,3-5,2-5,4-5,2-5,1-5,2-5,1-5,2-5,108.5,9' 0.5'',27.5,16044.0,3.5,245.2,86.75,7' 2.75'',1627778
26,,4.3,2016-17,,,,,,,,,,,,,,,,5.0,4.0,0.8,5.0,4.0,0.8,5.0,2.0,0.4,5.0,3.0,0.6,5.0,1.0,0.2,Marcus,7.75,8.75,72.5,6' 0.5'',73.75,6' 1.75'',10.82,Paige,39.5,2.69,5.0,3.0,0.6,5.0,2.0,0.4,5.0,2.0,0.4,5.0,2.0,0.4,5.0,5.0,1.0,,,,,,,,,,,,,4-6,6.0,4.0,0.667,5-6,6.0,5.0,0.833,5-6,6.0,5.0,0.833,,,,,28-35,35.0,28.0,0.8,,Marcus Paige,PG,2016,,,,,,4-5,4-5,2-5,3-5,1-5,3-5,2-5,2-5,2-5,5-5,97.0,8' 1'',33.5,16045.0,3.15,163.8,78.25,6' 6.25'',1627779
27,,5.8,2016-17,,,,,,,,,,,,,,,,,,,,,,,,,,,,,,,Jakob,9.25,10.25,84.25,7' 0.25'',85.0,7' 1'',,Poeltl,,,,,,,,,,,,,,,,,,,,,,,,,,,,,,,,,,,,,,,,,,,,,,,,,,,Jakob Poeltl,C,2016,,,,,,,,,,,,,,,,111.5,9' 3.5'',,16047.0,,239,86.75,7' 2.75'',1627751
28,,6.45,2016-17,,,,,,,,,,,,,,,,5.0,3.0,0.6,5.0,2.0,0.4,5.0,3.0,0.6,5.0,3.0,0.6,5.0,2.0,0.4,Taurean,9.0,8.5,78.5,6' 6.5'',79.75,6' 7.75'',10.96,Prince,36.0,2.8,5.0,0.0,0.0,5.0,2.0,0.4,5.0,4.0,0.8,5.0,1.0,0.2,5.0,1.0,0.2,,,,,,,,,,,,,4-6,6.0,4.0,0.667,3-6,6.0,3.0,0.5,4-6,6.0,4.0,0.667,,,,,18-34,34.0,18.0,0.529,,Taurean Prince,SF,2016,,,,,,3-5,2-5,3-5,3-5,2-5,0-5,2-5,4-5,1-5,1-5,102.0,8' 6'',34.0,16048.0,3.24,220.2,83.5,6' 11.5'',1627752
29,,4.85,2016-17,,,,,,,,,,,,,,,,5.0,2.0,0.4,5.0,3.0,0.6,5.0,2.0,0.4,5.0,4.0,0.8,5.0,2.0,0.4,Zhou,9.25,9.5,85.25,7' 1.25'',86.25,7' 2.25'',11.27,Qi,32.0,2.9,5.0,3.0,0.6,5.0,3.0,0.6,5.0,4.0,0.8,5.0,2.0,0.4,5.0,2.0,0.4,,,,,,,,,,,,,2-6,6.0,2.0,0.333,2-6,6.0,2.0,0.333,4-6,6.0,4.0,0.667,,,,,18-29,29.0,18.0,0.621,,Zhou Qi,PF-C,2016,,,,,,2-5,3-5,2-5,4-5,2-5,3-5,3-5,4-5,2-5,2-5,112.5,9' 4.5'',31.5,16049.0,3.46,218.2,91.75,7' 7.75'',1627753
30,,7.0,2016-17,,,,,,,,,,,,,,,,5.0,2.0,0.4,5.0,3.0,0.6,5.0,4.0,0.8,5.0,3.0,0.6,5.0,5.0,1.0,Malachi,8.75,10.0,76.75,6' 4.75'',78.25,6' 6.25'',10.56,Richardson,38.0,3.25,5.0,2.0,0.4,5.0,2.0,0.4,5.0,4.0,0.8,5.0,3.0,0.6,5.0,3.0,0.6,,,,,,,,,,,,,4-6,6.0,4.0,0.667,6-6,6.0,6.0,1.0,3-6,6.0,3.0,0.5,,,,,18-28,28.0,18.0,0.643,,Malachi Richardson,SG-SF,2016,,,,,,2-5,3-5,4-5,3-5,5-5,2-5,2-5,4-5,3-5,3-5,101.5,8' 5.5'',33.0,16050.0,3.33,199.6,84.0,7' 0'',1627781
31,,5.2,2016-17,,,,,,,,,,,,,,,,5.0,1.0,0.2,5.0,2.0,0.4,5.0,5.0,1.0,5.0,4.0,0.8,5.0,2.0,0.4,Pascal,9.25,10.0,80.25,6' 8.25'',81.5,6' 9.5'',11.25,Siakam,36.5,3.09,5.0,2.0,0.4,5.0,3.0,0.6,5.0,2.0,0.4,5.0,3.0,0.6,5.0,2.0,0.4,,,,,,,,,,,,,3-6,6.0,3.0,0.5,1-6,6.0,1.0,0.167,1-6,6.0,1.0,0.167,,,,,15-32,32.0,15.0,0.469,,Pascal Siakam,PF,2016,,,,,,1-5,2-5,5-5,4-5,2-5,2-5,3-5,2-5,3-5,2-5,107.5,8' 11.5'',30.5,16052.0,3.41,226.6,87.25,7' 3.25'',1627783
32,,12.85,2016-17,,,,,,,,,,,,,,,,,,,,,,,,,,,,,,,Diamond,8.5,7.75,81.0,6' 9'',82.25,6' 10.25'',12.02,Stone,29.5,3.22,,,,,,,,,,,,,,,,,,,,,,,,,,,,,,,,,,,,,,,,,,,,0-0,0.0,0.0,0.0,,Diamond Stone,C,2016,,,,,,,,,,,,,,,,108.5,9' 0.5'',27.0,16053.0,3.5,254.4,86.75,7' 2.75'',1627754
33,,5.2,2016-17,,,,,,,,,,,,,,,,,,,,,,,,,,,,,,,Tyler,7.5,7.5,68.75,5' 8.75'',70.0,5' 10'',10.8,Ulis,38.0,2.88,,,,,,,,,,,,,,,,,,,,,,,,,,,,,,,,,,,,,,,,,,,,,,,,,Tyler Ulis,PG,2016,,,,,,,,,,,,,,,,88.5,7' 4.5'',32.5,16056.0,3.2,149.2,74.0,6' 2'',1627755
34,,9.2,2016-17,,,,,,,,,,,,,,,,,,,,,,,,,,,,,,,Denzel,8.5,9.75,76.0,6' 4'',77.75,6' 5.75'',10.51,Valentine,32.0,3.22,,,,,,,,,,,,,,,,,,,,,,,,,,,,,,,,,,,,,,,,,,,,,,,,,Denzel Valentine,SG-SF,2016,,,,,,,,,,,,,,,,102.0,8' 6'',27.0,16058.0,3.46,210.4,82.75,6' 10.75'',1627756
35,,9.25,2016-17,,,,,,,,,,,,,,,,5.0,3.0,0.6,5.0,5.0,1.0,5.0,1.0,0.2,5.0,4.0,0.8,5.0,4.0,0.8,Isaiah,8.5,8.75,75.25,6' 3.25'',76.5,6' 4.5'',11.65,Whitehead,35.5,3.21,5.0,1.0,0.2,5.0,2.0,0.4,5.0,4.0,0.8,5.0,2.0,0.4,5.0,3.0,0.6,,,,,,,,,,,,,3-6,6.0,3.0,0.5,4-6,6.0,4.0,0.667,3-6,6.0,3.0,0.5,5-8,8.0,5.0,0.625,7-9,9.0,7.0,0.778,,Isaiah Whitehead,PG-SG,2016,,,,,,3-5,5-5,1-5,4-5,4-5,1-5,2-5,4-5,2-5,3-5,100.0,8' 4'',27.5,16059.0,3.34,210,80.75,6' 8.75'',1627785
36,,11.15,2016-17,,,,,,,,,,,,,,,,,,,,,,,,,,,,,,,Stephen,9.0,9.0,82.25,6' 10.25'',83.75,6' 11.75'',12.08,Zimmerman,31.0,3.16,,,,,,,,,,,,,,,,,,,,,,,,,,,,,,,,,,,,,,,,,,,,,,,,,Stephen Zimmerman,C,2016,,,,,,,,,,,,,,,,108.5,9' 0.5'',26.0,16062.0,3.43,234,87.25,7' 3.25'',1627757
37,,10.8,2014-15,5.0,3.0,0.6,5.0,3.0,0.6,5.0,5.0,1.0,5.0,3.0,0.6,5.0,5.0,1.0,,,,,,,,,,,,,,,,Jordan,8.5,7.5,75.5,6' 3.5'',76.75,6' 4.75'',12.13,Adams,29.5,3.05,5.0,3.0,0.6,5.0,3.0,0.6,5.0,4.0,0.8,5.0,5.0,1.0,5.0,2.0,0.4,,,,,,,,,,,,,4-6,6.0,4.0,0.667,5-6,6.0,5.0,0.833,4-6,6.0,4.0,0.667,,,,,21-35,35.0,21.0,0.6,,Jordan Adams,SG,2014,3-5,3-5,5-5,3-5,5-5,,,,,,3-5,3-5,4-5,5-5,2-5,102.0,8' 6'',24.5,14000.0,3.5,208.8,82.0,6' 10'',203919
38,,13.35,2014-15,,,,,,,,,,,,,,,,,,,,,,,,,,,,,,,Kyle,8.25,8.75,79.5,6' 7.5'',80.5,6' 8.5'',,Anderson,,,,,,,,,,,,,,,,,,,,,,,,,,,,,,,,,,,,,,,,,,,,,,,,,,,Kyle Anderson,SF,2014,,,,,,,,,,,,,,,,107.5,8' 11.5'',,14001.0,,230.1,86.75,7' 2.75'',203937
39,,6.05,2014-15,5.0,2.0,0.4,5.0,4.0,0.8,5.0,4.0,0.8,5.0,2.0,0.4,5.0,2.0,0.4,,,,,,,,,,,,,,,,Thanasis,9.0,9.75,77.25,6' 5.25'',78.25,6' 6.25'',11.39,Antetokounmpo,39.5,3.05,5.0,4.0,0.8,5.0,3.0,0.6,5.0,2.0,0.4,5.0,3.0,0.6,5.0,3.0,0.6,,,,,,,,,,,,,4-6,6.0,4.0,0.667,3-6,6.0,3.0,0.5,5-6,6.0,5.0,0.833,12-30,30.0,12.0,0.4,,,,,,Thanasis Antetokounmpo,SF,2014,2-5,4-5,4-5,2-5,2-5,,,,,,4-5,3-5,2-5,3-5,3-5,104.5,8' 8.5'',31.5,14002.0,3.18,205.2,84.0,7' 0'',203648
40,,8.7,2014-15,,,,,,,,,,,,,,,,5.0,4.0,0.8,5.0,3.0,0.6,5.0,5.0,1.0,5.0,4.0,0.8,5.0,4.0,0.8,Cameron,8.75,9.0,80.75,6' 8.75'',81.75,6' 9.75'',11.39,Bairstow,33.5,3.09,5.0,4.0,0.8,5.0,4.0,0.8,5.0,3.0,0.6,5.0,1.0,0.2,5.0,3.0,0.6,,,,,,,,,,,,,5-6,6.0,5.0,0.833,6-6,6.0,6.0,1.0,2-6,6.0,2.0,0.333,,,,,21-37,37.0,21.0,0.568,,Cameron Bairstow,PF,2014,,,,,,4-5,3-5,5-5,4-5,4-5,4-5,4-5,3-5,1-5,3-5,107.0,8' 11'',31.0,14005.0,3.37,252.4,84.75,7' 0.75'',203946
41,,6.05,2014-15,5.0,3.0,0.6,5.0,4.0,0.8,5.0,3.0,0.6,5.0,3.0,0.6,5.0,3.0,0.6,,,,,,,,,,,,,,,,Jabari,9.0,9.25,75.0,6' 3'',76.25,6' 4.25'',11.6,Brown,32.0,3.26,5.0,4.0,0.8,5.0,3.0,0.6,5.0,3.0,0.6,5.0,4.0,0.8,5.0,2.0,0.4,,,,,,,,,,,,,3-6,6.0,3.0,0.5,4-6,6.0,4.0,0.667,5-6,6.0,5.0,0.833,,,,,21-36,36.0,21.0,0.583,,Jabari Brown,SG,2014,3-5,4-5,3-5,3-5,3-5,,,,,,4-5,3-5,3-5,4-5,2-5,100.0,8' 4'',28.0,14007.0,3.5,201.9,80.25,6' 8.25'',203913
42,,4.2,2014-15,5.0,3.0,0.6,5.0,2.0,0.4,5.0,3.0,0.6,5.0,2.0,0.4,5.0,3.0,0.6,,,,,,,,,,,,,,,,Markel,8.25,9.75,74.5,6' 2.5'',75.5,6' 3.5'',12.62,Brown,43.5,2.9,5.0,3.0,0.6,5.0,2.0,0.4,5.0,3.0,0.6,5.0,3.0,0.6,5.0,1.0,0.2,,,,,,,,,,,,,5-6,6.0,5.0,0.833,3-6,6.0,3.0,0.5,5-6,6.0,5.0,0.833,,,,,18-32,32.0,18.0,0.563,,Markel Brown,SG,2014,3-5,2-5,3-5,2-5,3-5,,,,,,3-5,2-5,3-5,3-5,1-5,100.0,8' 4'',36.5,14008.0,3.18,184.4,80.75,6' 8.75'',203900
43,,4.3,2014-15,5.0,5.0,1.0,5.0,4.0,0.8,5.0,3.0,0.6,5.0,5.0,1.0,5.0,5.0,1.0,,,,,,,,,,,,,,,,Jordan,8.25,9.0,75.25,6' 3.25'',77.0,6' 5'',10.76,Clarkson,38.5,2.98,5.0,3.0,0.6,5.0,2.0,0.4,5.0,3.0,0.6,5.0,2.0,0.4,5.0,3.0,0.6,,,,,,,,,,,,,5-6,6.0,5.0,0.833,3-6,6.0,3.0,0.5,5-6,6.0,5.0,0.833,,,,,22-33,33.0,22.0,0.667,,Jordan Clarkson,PG,2014,5-5,4-5,3-5,5-5,5-5,,,,,,3-5,2-5,3-5,2-5,3-5,98.0,8' 2'',33.0,14012.0,3.28,186.3,80.0,6' 8'',203903
44,,5.35,2014-15,,,,,,,,,,,,,,,,,,,,,,,,,,,,,,,Spencer,8.25,9.0,76.5,6' 4.5'',78.0,6' 6'',,Dinwiddie,,,,,,,,,,,,,,,,,,,,,,,,,,,,,,,,,,,,,,,,,,,,,,,,,,,Spencer Dinwiddie,PG,2014,,,,,,,,,,,,,,,,103.0,8' 7'',,14015.0,,204.9,80.25,6' 8.25'',203915
45,,4.45,2014-15,5.0,1.0,0.2,5.0,5.0,1.0,5.0,1.0,0.2,5.0,2.0,0.4,5.0,3.0,0.6,,,,,,,,,,,,,,,,Cleanthony,8.5,9.0,78.0,6' 6'',79.25,6' 7.25'',11.15,Early,40.0,2.96,5.0,2.0,0.4,5.0,2.0,0.4,5.0,2.0,0.4,5.0,0.0,0.0,5.0,4.0,0.8,,,,,,,,,,,,,3-6,6.0,3.0,0.5,4-6,6.0,4.0,0.667,3-6,6.0,3.0,0.5,,,,,17-35,35.0,17.0,0.486,,Cleanthony Early,SF,2014,1-5,5-5,1-5,2-5,3-5,,,,,,2-5,2-5,2-5,0-5,4-5,101.5,8' 5.5'',34.0,14016.0,3.18,209.4,82.75,6' 10.75'',203921
46,,6.2,2014-15,,,,,,,,,,,,,,,,,,,,,,,,,,,,,,,Tyler,8.25,8.75,73.0,6' 1'',74.5,6' 2.5'',11.12,Ennis,36.0,2.84,,,,,,,,,,,,,,,,,,,,,,,,,,,,,,,,,,,,,,,,,,,,,,,,,Tyler Ennis,PG,2014,,,,,,,,,,,,,,,,98.0,8' 2'',29.0,14019.0,3.3,181.5,79.25,6' 7.25'',203898
47,,6.4,2014-15,,,,,,,,,,,,,,,,,,,,,,,,,,,,,,,Dante,8.5,9.5,76.5,6' 4.5'',78.0,6' 6'',10.75,Exum,34.5,2.88,,,,,,,,,,,,,,,,,,,,,,,,,,,,,,,,,,,,,,,,,,,,,,,,,Dante Exum,SG,2014,,,,,,,,,,,,,,,,103.0,8' 7'',31.5,14020.0,3.19,196.3,81.5,6' 9.5'',203957
48,,5.05,2014-15,,,,,,,,,,,,,,,,,,,,,,,,,,,,,,,Aaron,8.75,10.5,79.5,6' 7.5'',80.75,6' 8.75'',10.81,Gordon,39.0,2.76,,,,,,,,,,,,,,,,,,,,,,,,,,,,,,,,,,,,,,,,,,,,,,,,,Aaron Gordon,PF,2014,,,,,,,,,,,,,,,,105.0,8' 9'',32.5,14022.0,3.27,220.1,83.75,6' 11.75'',203932
49,,3.75,2014-15,5.0,1.0,0.2,5.0,2.0,0.4,5.0,1.0,0.2,5.0,3.0,0.6,5.0,1.0,0.2,,,,,,,,,,,,,,,,Jerami,9.25,9.25,78.5,6' 6.5'',79.75,6' 7.75'',,Grant,,,5.0,3.0,0.6,5.0,2.0,0.4,5.0,2.0,0.4,5.0,3.0,0.6,5.0,2.0,0.4,,,,,,,,,,,,,4-6,6.0,4.0,0.667,3-6,6.0,3.0,0.5,2-6,6.0,2.0,0.333,,,,,18-33,33.0,18.0,0.545,,Jerami Grant,SF,2014,1-5,2-5,1-5,3-5,1-5,,,,,,3-5,2-5,2-5,3-5,2-5,107.0,8' 11'',,14023.0,,214,86.75,7' 2.75'',203924
50,,4.55,2014-15,,,,,,,,,,,,,,,,,,,,,,,,,,,,,,,Gary,8.5,9.5,74.5,6' 2.5'',76.5,6' 4.5'',,Harris,,,,,,,,,,,,,,,,,,,,,,,,,,,,,,,,,,,,,,,,,,,,,,,,,,,Gary Harris,SG,2014,,,,,,,,,,,,,,,,96.0,8' 0'',,14025.0,,204.8,78.75,6' 6.75'',203914
51,,6.2,2014-15,5.0,3.0,0.6,5.0,3.0,0.6,5.0,4.0,0.8,5.0,5.0,1.0,5.0,3.0,0.6,,,,,,,,,,,,,,,,Joe,8.5,9.75,76.75,6' 4.75'',78.25,6' 6.25'',11.11,Harris,33.5,2.92,5.0,4.0,0.8,5.0,3.0,0.6,5.0,2.0,0.4,5.0,4.0,0.8,5.0,3.0,0.6,,,,,,,,,,,,,5-6,6.0,5.0,0.833,4-6,6.0,4.0,0.667,5-6,6.0,5.0,0.833,,,,,30-37,37.0,30.0,0.811,,Joe Harris,SG,2014,3-5,3-5,4-5,5-5,3-5,,,,,,4-5,3-5,2-5,4-5,3-5,100.0,8' 4'',28.5,14026.0,3.31,215,78.0,6' 6'',203925
52,,7.45,2014-15,5.0,3.0,0.6,5.0,4.0,0.8,5.0,1.0,0.2,5.0,3.0,0.6,5.0,4.0,0.8,,,,,,,,,,,,,,,,Rodney,8.5,8.5,79.25,6' 7.25'',80.5,6' 8.5'',11.21,Hood,36.0,3.14,5.0,2.0,0.4,5.0,4.0,0.8,5.0,3.0,0.6,5.0,2.0,0.4,5.0,4.0,0.8,,,,,,,,,,,,,5-6,6.0,5.0,0.833,5-6,6.0,5.0,0.833,4-6,6.0,4.0,0.667,,,,,26-33,33.0,26.0,0.788,,Rodney Hood,SF,2014,3-5,4-5,1-5,3-5,4-5,,,,,,2-5,4-5,3-5,2-5,4-5,103.0,8' 7'',29.0,14027.0,3.38,208.2,80.5,6' 8.5'',203918
53,,5.25,2014-15,,,,,,,,,,,,,,,,5.0,3.0,0.6,5.0,2.0,0.4,5.0,1.0,0.2,5.0,5.0,1.0,5.0,4.0,0.8,Cory,8.75,9.75,79.75,6' 7.75'',81.0,6' 9'',12.63,Jefferson,37.5,3.39,5.0,5.0,1.0,5.0,3.0,0.6,5.0,3.0,0.6,5.0,2.0,0.4,5.0,1.0,0.2,,,,,,,,,,,,,0-6,6.0,0.0,0.0,5-6,6.0,5.0,0.833,3-6,6.0,3.0,0.5,,,,,25-34,34.0,25.0,0.735,,Cory Jefferson,PF,2014,,,,,,3-5,2-5,1-5,5-5,4-5,5-5,3-5,3-5,2-5,1-5,105.0,8' 9'',33.0,14028.0,3.36,218.4,84.5,7' 0.5'',203928
54,,6.05,2014-15,5.0,5.0,1.0,5.0,3.0,0.6,5.0,4.0,0.8,5.0,4.0,0.8,5.0,3.0,0.6,,,,,,,,,,,,,,,,Nick,8.75,9.75,73.5,6' 1.5'',75.0,6' 3'',10.8,Johnson,41.5,2.95,5.0,3.0,0.6,5.0,3.0,0.6,5.0,1.0,0.2,5.0,2.0,0.4,5.0,3.0,0.6,,,,,,,,,,,,,5-6,6.0,5.0,0.833,4-6,6.0,4.0,0.667,5-6,6.0,5.0,0.833,19-36,36.0,19.0,0.528,,,,,,Nick Johnson,SG,2014,5-5,3-5,4-5,4-5,3-5,,,,,,3-5,3-5,1-5,2-5,3-5,96.5,8' 0.5'',33.5,14029.0,3.27,198,79.25,6' 7.25'',203910
55,,9.2,2014-15,,,,,,,,,,,,,,,,,,,,,,,,,,,,,,,Sean,9.0,9.0,74.5,6' 2.5'',76.25,6' 4.25'',,Kilpatrick,,,,,,,,,,,,,,,,,,,,,,,,,,,,,,,,,,,,,,,,,,,,,,,,,,,Sean Kilpatrick,SG,2014,,,,,,,,,,,,,,,,99.0,8' 3'',,14031.0,,218.7,79.0,6' 7'',203930
56,,13.6,2014-15,,,,,,,,,,,,,,,,5.0,3.0,0.6,5.0,4.0,0.8,5.0,0.0,0.0,5.0,4.0,0.8,5.0,3.0,0.6,Alex,9.25,10.5,81.25,6' 9.25'',82.75,6' 10.75'',11.2,Kirk,31.5,3.19,5.0,3.0,0.6,5.0,1.0,0.2,5.0,3.0,0.6,5.0,1.0,0.2,5.0,2.0,0.4,,,,,,,,,,,,,3-6,6.0,3.0,0.5,2-6,6.0,2.0,0.333,5-6,6.0,5.0,0.833,,,,,27-40,40.0,27.0,0.675,,Alex Kirk,PF,2014,,,,,,3-5,4-5,0-5,4-5,3-5,3-5,1-5,3-5,1-5,2-5,109.5,9' 1.5'',28.5,14032.0,3.48,252,87.5,7' 3.5'',203945
57,,4.7,2014-15,5.0,3.0,0.6,5.0,4.0,0.8,5.0,1.0,0.2,5.0,2.0,0.4,5.0,3.0,0.6,,,,,,,,,,,,,,,,Zach,8.25,8.75,76.5,6' 4.5'',77.75,6' 5.75'',10.42,LaVine,41.5,2.8,5.0,3.0,0.6,5.0,2.0,0.4,5.0,3.0,0.6,5.0,4.0,0.8,5.0,2.0,0.4,,,,,,,,,,,,,4-6,6.0,4.0,0.667,5-6,6.0,5.0,0.833,5-6,6.0,5.0,0.833,,,,,21-32,32.0,21.0,0.656,,Zach LaVine,PG,2014,3-5,4-5,1-5,2-5,3-5,,,,,,3-5,2-5,3-5,4-5,2-5,100.0,8' 4'',33.5,14033.0,3.19,180.9,80.25,6' 8.25'',203897
58,,6.9,2014-15,5.0,2.0,0.4,5.0,3.0,0.6,5.0,3.0,0.6,5.0,3.0,0.6,5.0,5.0,1.0,,,,,,,,,,,,,,,,Devyn,8.25,8.5,77.0,6' 5'',78.5,6' 6.5'',11.32,Marble,35.0,3.08,5.0,4.0,0.8,5.0,4.0,0.8,5.0,4.0,0.8,5.0,0.0,0.0,5.0,4.0,0.8,,,,,,,,,,,,,2-6,6.0,2.0,0.333,4-6,6.0,4.0,0.667,3-6,6.0,3.0,0.5,,,,,19-39,39.0,19.0,0.487,,Devyn Marble,SG,2014,2-5,3-5,3-5,3-5,5-5,,,,,,4-5,4-5,4-5,0-5,4-5,102.0,8' 6'',29.0,14034.0,3.28,192.4,81.0,6' 9'',203906
59,,7.1,2014-15,,,,,,,,,,,,,,,,,,,,,,,,,,,,,,,Doug,8.75,9.75,78.25,6' 6.25'',79.75,6' 7.75'',11.1,McDermott,36.5,3.15,,,,,,,,,,,,,,,,,,,,,,,,,,,,,,,,,,,,,,,,,,,,,,,,,Doug McDermott,SF,2014,,,,,,,,,,,,,,,,103.0,8' 7'',28.5,14036.0,3.29,218,81.25,6' 9.25'',203926
60,,5.2,2014-15,5.0,4.0,0.8,5.0,4.0,0.8,5.0,4.0,0.8,5.0,4.0,0.8,5.0,3.0,0.6,,,,,,,,,,,,,,,,Jordan,8.75,8.5,75.75,6' 3.75'',77.25,6' 5.25'',11.07,McRae,34.5,3.15,5.0,2.0,0.4,5.0,4.0,0.8,5.0,2.0,0.4,5.0,4.0,0.8,5.0,3.0,0.6,,,,,,,,,,,,,3-6,6.0,3.0,0.5,4-6,6.0,4.0,0.667,4-6,6.0,4.0,0.667,28-34,34.0,28.0,0.824,,,,,,Jordan McRae,SG,2014,4-5,4-5,4-5,4-5,3-5,,,,,,2-5,4-5,2-5,4-5,3-5,104.0,8' 8'',27.5,14038.0,3.39,179.4,84.5,7' 0.5'',203895
61,,7.35,2014-15,,,,,,,,,,,,,,,,,,,,,,,,,,,,,,,Shabazz,8.25,8.5,71.0,5' 11'',73.0,6' 1'',11.6,Napier,37.5,3.13,,,,,,,,,,,,,,,,,,,,,,,,,,,,,,,,,,,,,,,,,,,,,,,,,Shabazz Napier,PG,2014,,,,,,,,,,,,,,,,93.0,7' 9'',30.5,14040.0,3.2,175.2,75.25,6' 3.25'',203894
62,,10.75,2014-15,5.0,1.0,0.2,5.0,4.0,0.8,5.0,4.0,0.8,5.0,3.0,0.6,5.0,3.0,0.6,,,,,,,,,,,,,,,,Lamar,9.0,9.25,76.0,6' 4'',77.25,6' 5.25'',11.63,Patterson,32.5,3.13,5.0,4.0,0.8,5.0,4.0,0.8,5.0,5.0,1.0,5.0,1.0,0.2,5.0,1.0,0.2,,,,,,,,,,,,,5-6,6.0,5.0,0.833,4-6,6.0,4.0,0.667,3-6,6.0,3.0,0.5,,,,,23-35,35.0,23.0,0.657,,Lamar Patterson,SG,2014,1-5,4-5,4-5,3-5,3-5,,,,,,4-5,4-5,5-5,1-5,1-5,101.0,8' 5'',27.5,14043.0,3.45,226,83.0,6' 11'',203934
63,,7.55,2014-15,,,,,,,,,,,,,,,,,,,,,,,,,,,,,,,Adreian,9.25,9.5,81.0,6' 9'',81.75,6' 9.75'',,Payne,,,,,,,,,,,,,,,,,,,,,,,,,,,,,,,,,,,,,,,,,,,,,,,,,,,Adreian Payne,PF,2014,,,,,,,,,,,,,,,,109.0,9' 1'',,14044.0,,238.5,88.0,7' 4'',203940
64,,5.65,2014-15,,,,,,,,,,,,,,,,,,,,,,,,,,,,,,,Elfrid,8.75,9.0,74.5,6' 2.5'',75.75,6' 3.75'',11.06,Payton,35.5,2.92,,,,,,,,,,,,,,,,,,,,,,,,,,,,,,,,,,,,,,,,,,,,,,,,,Elfrid Payton,PG,2014,,,,,,,,,,,,,,,,98.5,8' 2.5'',31.5,14045.0,3.23,185.4,80.0,6' 8'',203901
65,,6.2,2014-15,,,,,,,,,,,,,,,,5.0,5.0,1.0,5.0,4.0,0.8,5.0,4.0,0.8,5.0,3.0,0.6,5.0,4.0,0.8,Dwight,9.0,9.25,81.5,6' 9.5'',83.0,6' 11'',11.28,Powell,35.0,2.88,5.0,1.0,0.2,5.0,1.0,0.2,5.0,3.0,0.6,5.0,4.0,0.8,5.0,4.0,0.8,,,,,,,,,,,,,5-6,6.0,5.0,0.833,4-6,6.0,4.0,0.667,3-6,6.0,3.0,0.5,,,,,24-37,37.0,24.0,0.649,,Dwight Powell,PF,2014,,,,,,5-5,4-5,4-5,3-5,4-5,1-5,1-5,3-5,4-5,4-5,105.0,8' 9'',28.5,14046.0,3.2,234.4,84.5,7' 0.5'',203939
66,,9.4,2014-15,,,,,,,,,,,,,,,,,,,,,,,,,,,,,,,Julius,8.75,8.25,79.75,6' 7.75'',81.0,6' 9'',11.45,Randle,35.5,3.14,,,,,,,,,,,,,,,,,,,,,,,,,,,,,,,,,,,,,,,,,,,,,,,,,Julius Randle,PF,2014,,,,,,,,,,,,,,,,105.5,8' 9.5'',29.0,14047.0,3.27,249.7,84.0,7' 0'',203944
67,,10.55,2014-15,,,,,,,,,,,,,,,,,,,,,,,,,,,,,,,Marcus,9.0,8.75,74.0,6' 2'',75.25,6' 3.25'',10.82,Smart,36.0,2.96,,,,,,,,,,,,,,,,,,,,,,,,,,,,,,,,,,,,,,,,,,,,,,,,,Marcus Smart,PG,2014,,,,,,,,,,,,,,,,99.0,8' 3'',33.0,14050.0,3.26,227.2,81.25,6' 9.25'',203935
68,,3.5,2014-15,5.0,4.0,0.8,5.0,3.0,0.6,5.0,3.0,0.6,5.0,2.0,0.4,5.0,3.0,0.6,,,,,,,,,,,,,,,,Russ,8.25,8.5,71.5,5' 11.5'',72.75,6' 0.75'',11.57,Smith,34.0,3.01,5.0,3.0,0.6,5.0,1.0,0.2,5.0,5.0,1.0,5.0,3.0,0.6,5.0,1.0,0.2,,,,,,,,,,,,,4-6,6.0,4.0,0.667,3-6,6.0,3.0,0.5,5-6,6.0,5.0,0.833,,,,,25-36,36.0,25.0,0.694,,Russ Smith,PG,2014,4-5,3-5,3-5,2-5,3-5,,,,,,3-5,1-5,5-5,3-5,1-5,95.0,7' 11'',29.5,14051.0,3.27,160,75.5,6' 3.5'',203893
69,,12.05,2014-15,,,,,,,,,,,,,,,,,,,,,,,,,,,,,,,Nik,8.5,8.5,77.25,6' 5.25'',78.5,6' 6.5'',10.79,Stauskas,35.5,2.92,,,,,,,,,,,,,,,,,,,,,,,,,,,,,,,,,,,,,,,,,,,,,,,,,Nik Stauskas,SG,2014,,,,,,,,,,,,,,,,102.0,8' 6'',29.0,14052.0,3.27,206.9,79.75,6' 7.75'',203917
70,,8.2,2014-15,,,,,,,,,,,,,,,,5.0,4.0,0.8,5.0,4.0,0.8,5.0,5.0,1.0,5.0,2.0,0.4,5.0,5.0,1.0,Jarnell,9.75,10.5,79.0,6' 7'',80.5,6' 8.5'',11.92,Stokes,36.0,3.2,5.0,1.0,0.2,5.0,2.0,0.4,5.0,3.0,0.6,5.0,3.0,0.6,5.0,0.0,0.0,,,,,,,,,,,,,4-6,6.0,4.0,0.667,3-6,6.0,3.0,0.5,5-6,6.0,5.0,0.833,,,,,21-36,36.0,21.0,0.583,,Jarnell Stokes,PF,2014,,,,,,4-5,4-5,5-5,2-5,5-5,1-5,2-5,3-5,3-5,0-5,103.5,8' 7.5'',31.0,14053.0,3.26,262.8,85.25,7' 1.25'',203950
71,,7.3,2014-15,,,,,,,,,,,,,,,,,,,,,,,,,,,,,,,Noah,9.75,11.75,80.0,6' 8'',81.5,6' 9.5'',11.45,Vonleh,37.0,3.29,,,,,,,,,,,,,,,,,,,,,,,,,,,,,,,,,,,,,,,,,,,,,,,,,Noah Vonleh,PF,2014,,,,,,,,,,,,,,,,108.0,9' 0'',31.0,14055.0,3.28,247.1,88.25,7' 4.25'',203943
72,,5.1,2014-15,,,,,,,,,,,,,,,,,,,,,,,,,,,,,,,James,9.0,9.5,77.25,6' 5.25'',78.75,6' 6.75'',,Young,35.5,,,,,,,,,,,,,,,,,,,,,,,,,,,,,,,,,,,,,,,,,,,,,,,,,,James Young,SG,2014,,,,,,,,,,,,,,,,104.0,8' 8'',28.0,14059.0,,213.3,84.0,7' 0'',203923
73,16.0,6.65,2013-14,5.0,,,5.0,,,5.0,,,5.0,,,5.0,,,5.0,3.0,0.6,5.0,4.0,0.8,5.0,4.0,0.8,5.0,3.0,0.6,5.0,4.0,0.8,Steven,9.5,11.0,82.75,6' 10.75'',84.0,7' 0'',11.85,Adams,33.0,3.02,5.0,2.0,0.4,5.0,3.0,0.6,5.0,2.0,0.4,5.0,2.0,0.4,5.0,2.0,0.4,,,,,,,,,,,,,,,,,,,,,,,,,,,,,,,,,203500.0,Steven Adams,C,2013,,,,,,3-5,4-5,4-5,3-5,4-5,2-5,3-5,2-5,2-5,2-5,109.5,9' 1.5'',28.5,,3.4,254.5,88.5,7' 4.5'',203500
74,4.0,4.6,2013-14,5.0,3.0,0.6,5.0,4.0,0.8,5.0,2.0,0.4,5.0,4.0,0.8,5.0,3.0,0.6,5.0,,,5.0,,,5.0,,,5.0,,,5.0,,,Vander,8.5,9.5,75.5,6' 3.5'',77.25,6' 5.25'',10.4,Blue,37.5,2.7,5.0,4.0,0.8,5.0,3.0,0.6,5.0,2.0,0.4,5.0,3.0,0.6,5.0,4.0,0.8,,,,,,,,,,,,,,,,,,,,,,,,,,,,,,,,,203505.0,Vander Blue,SG,2013,3-5,4-5,2-5,4-5,3-5,,,,,,4-5,3-5,2-5,3-5,4-5,100.5,8' 4.5'',28.0,,3.14,197.4,78.0,6' 6'',203505
75,8.0,3.95,2013-14,5.0,1.0,0.2,5.0,4.0,0.8,5.0,3.0,0.6,5.0,4.0,0.8,5.0,3.0,0.6,5.0,,,5.0,,,5.0,,,5.0,,,5.0,,,Lorenzo,8.25,8.5,76.0,6' 4'',77.25,6' 5.25'',11.78,Brown,34.0,3.24,5.0,1.0,0.2,5.0,1.0,0.2,5.0,3.0,0.6,5.0,4.0,0.8,5.0,4.0,0.8,,,,,,,,,,,,,,,,,,,,,,,,,,,,,,,,,203485.0,Lorenzo Brown,PG,2013,1-5,4-5,3-5,4-5,3-5,,,,,,1-5,1-5,3-5,4-5,4-5,100.0,8' 4'',28.0,,3.4,189.2,79.0,6' 7'',203485
76,11.0,6.95,2013-14,5.0,5.0,1.0,5.0,5.0,1.0,5.0,2.0,0.4,5.0,4.0,0.8,5.0,3.0,0.6,5.0,,,5.0,,,5.0,,,5.0,,,5.0,,,Reggie,8.5,9.0,77.75,6' 5.75'',79.0,6' 7'',11.33,Bullock,36.5,3.3,5.0,5.0,1.0,5.0,4.0,0.8,5.0,2.0,0.4,5.0,4.0,0.8,5.0,2.0,0.4,,,,,,,,,,,,,,,,,,,,,,,,,,,,,,,,,203493.0,Reggie Bullock,SG-SF,2013,5-5,5-5,2-5,4-5,3-5,,,,,,5-5,4-5,2-5,4-5,2-5,102.0,8' 6'',31.0,,3.31,199.8,80.75,6' 8.75'',203493
77,3.0,6.9,2013-14,,,,,,,,,,,,,,,,,,,,,,,,,,,,,,,Trey,8.25,8.75,71.75,5' 11.75'',73.25,6' 1.25'',11.2,Burke,36.5,3.01,,,,,,,,,,,,,,,,,,,,,,,,,,,,,,,,,,,,,,,,,,,,,,,,203504.0,Trey Burke,PG,2013,,,,,,,,,,,,,,,,97.5,8' 1.5'',29.5,,3.16,187,77.5,6' 5.5'',203504
78,7.0,6.45,2013-14,5.0,3.0,0.6,5.0,3.0,0.6,5.0,2.0,0.4,5.0,3.0,0.6,5.0,2.0,0.4,5.0,,,5.0,,,5.0,,,5.0,,,5.0,,,Kentavious,8.5,9.0,76.5,6' 4.5'',77.5,6' 5.5'',10.6,Caldwell-Pope,34.5,3.2,5.0,3.0,0.6,5.0,2.0,0.4,5.0,1.0,0.2,5.0,3.0,0.6,5.0,4.0,0.8,,,,,,,,,,,,,,,,,,,,,,,,,,,,,,,,,203484.0,Kentavious Caldwell-Pope,SG,2013,3-5,3-5,2-5,3-5,2-5,,,,,,3-5,2-5,1-5,3-5,4-5,100.5,8' 4.5'',29.0,,3.12,203.6,80.0,6' 8'',203484
79,16.0,5.9,2013-14,5.0,2.0,0.4,5.0,4.0,0.8,5.0,3.0,0.6,5.0,4.0,0.8,5.0,2.0,0.4,5.0,,,5.0,,,5.0,,,5.0,,,5.0,,,Isaiah,8.25,9.5,71.0,5' 11'',72.0,6' 0'',10.98,Canaan,40.5,2.89,5.0,2.0,0.4,5.0,3.0,0.6,5.0,4.0,0.8,5.0,4.0,0.8,5.0,3.0,0.6,,,,,,,,,,,,,,,,,,,,,,,,,,,,,,,,,203477.0,Isaiah Canaan,PG,2013,2-5,4-5,3-5,4-5,2-5,,,,,,2-5,3-5,4-5,4-5,3-5,94.5,7' 10.5'',33.0,,3.22,188.4,76.5,6' 4.5'',203477
80,8.0,4.4,2013-14,,,,,,,,,,,,,,,,,,,,,,,,,,,,,,,Michael,7.5,8.5,76.75,6' 4.75'',77.75,6' 5.75'',10.68,Carter-Williams,41.0,3.7,,,,,,,,,,,,,,,,,,,,,,,,,,,,,,,,,,,,,,,,,,,,,,,,203487.0,Michael Carter-Williams,PG,2013,,,,,,,,,,,,,,,,101.0,8' 5'',31.5,,3.22,184.4,79.25,6' 7.25'',203487
81,9.0,4.7,2013-14,5.0,,,5.0,,,5.0,,,5.0,,,5.0,,,5.0,2.0,0.4,5.0,5.0,1.0,5.0,3.0,0.6,5.0,4.0,0.8,5.0,4.0,0.8,Robert,9.0,8.5,78.25,6' 6.25'',79.5,6' 7.5'',11.69,Covington,36.0,3.1,5.0,2.0,0.4,5.0,2.0,0.4,5.0,4.0,0.8,5.0,4.0,0.8,5.0,3.0,0.6,,,,,,,,,,,,,,,,,,,,,,,,,,,,,,,,,203496.0,Robert Covington,SF-PF,2013,,,,,,2-5,5-5,3-5,4-5,4-5,2-5,2-5,4-5,4-5,3-5,106.0,8' 10'',29.5,,3.34,208.6,85.75,7' 1.75'',203496
82,10.0,4.65,2013-14,5.0,2.0,0.4,5.0,4.0,0.8,5.0,5.0,1.0,5.0,3.0,0.6,5.0,4.0,0.8,5.0,,,5.0,,,5.0,,,5.0,,,5.0,,,Allen,8.25,8.5,77.25,6' 5.25'',78.25,6' 6.25'',10.67,Crabbe,36.0,3.1,5.0,3.0,0.6,5.0,5.0,1.0,5.0,3.0,0.6,5.0,2.0,0.4,5.0,4.0,0.8,,,,,,,,,,,,,,,,,,,,,,,,,,,,,,,,,203459.0,Allen Crabbe,SG,2013,2-5,4-5,5-5,3-5,4-5,,,,,,3-5,5-5,3-5,2-5,4-5,103.5,8' 7.5'',30.5,,3.32,197.4,83.25,6' 11.25'',203459
83,,9.6,2013-14,,,,,,,,,,,,,,,,,,,,,,,,,,,,,,,Seth,8.0,8.25,73.0,6' 1'',75.0,6' 3'',,Curry,,,,,,,,,,,,,,,,,,,,,,,,,,,,,,,,,,,,,,,,,,,,,,,,,,203552.0,Seth Curry,SG,2013,,,,,,,,,,,,,,,,97.5,8' 1.5'',,,,179.2,76.0,6' 4'',203552
84,7.0,8.6,2013-14,5.0,4.0,0.8,5.0,3.0,0.6,5.0,1.0,0.2,5.0,3.0,0.6,5.0,2.0,0.4,5.0,3.0,0.6,5.0,3.0,0.6,5.0,3.0,0.6,5.0,4.0,0.8,5.0,4.0,0.8,Brandon,9.0,11.0,80.5,6' 8.5'',82.25,6' 10.25'',11.22,Davies,31.5,3.14,5.0,,,5.0,,,5.0,,,5.0,,,5.0,,,,,,,,,,,,,,,,,,,,,,,,,,,,,,,,,,,203561.0,Brandon Davies,PF,2013,4-5,3-5,1-5,3-5,2-5,3-5,3-5,3-5,4-5,4-5,,,,,,108.5,9' 0.5'',26.0,,3.5,241.8,85.5,7' 1.5'',203561
85,8.0,8.35,2013-14,5.0,1.0,0.2,5.0,3.0,0.6,5.0,2.0,0.4,5.0,3.0,0.6,5.0,4.0,0.8,5.0,2.0,0.4,5.0,5.0,1.0,5.0,1.0,0.2,5.0,3.0,0.6,5.0,2.0,0.4,Dewayne,9.0,11.0,82.0,6' 10'',83.5,6' 11.5'',12.75,Dedmon,32.5,3.26,5.0,,,5.0,,,5.0,,,5.0,,,5.0,,,,,,,,,,,,,,,,,,,,,,,,,,,,,,,,,,,203473.0,Dewayne Dedmon,C,2013,1-5,3-5,2-5,3-5,4-5,2-5,5-5,1-5,3-5,2-5,,,,,,109.0,9' 1'',28.0,,3.4,238.8,88.0,7' 4'',203473
86,,5.35,2013-14,,,,,,,,,,,,,,,,,,,,,,,,,,,,,,,Gorgui,9.0,10.0,81.75,6' 9.75'',82.75,6' 10.75'',,Dieng,,,,,,,,,,,,,,,,,,,,,,,,,,,,,,,,,,,,,,,,,,,,,,,,,,203476.0,Gorgui Dieng,C,2013,,,,,,,,,,,,,,,,111.5,9' 3.5'',,,,229.6,87.5,7' 3.5'',203476
87,7.0,4.5,2013-14,5.0,4.0,0.8,5.0,3.0,0.6,5.0,2.0,0.4,5.0,2.0,0.4,5.0,3.0,0.6,5.0,,,5.0,,,5.0,,,5.0,,,5.0,,,James,8.5,8.75,77.75,6' 5.75'',79.0,6' 7'',11.55,Ennis,36.5,3.06,5.0,3.0,0.6,5.0,5.0,1.0,5.0,2.0,0.4,5.0,4.0,0.8,5.0,2.0,0.4,,,,,,,,,,,,,,,,,,,,,,,,,,,,,,,,,203516.0,James Ennis,SF,2013,4-5,3-5,2-5,2-5,3-5,,,,,,3-5,5-5,2-5,4-5,2-5,104.5,8' 8.5'',29.5,,3.4,200.8,83.5,6' 11.5'',203516
88,15.0,3.3,2013-14,5.0,,,5.0,,,5.0,,,5.0,,,5.0,,,5.0,,,5.0,,,5.0,,,5.0,,,5.0,,,Carrick,8.5,9.5,76.75,6' 4.75'',78.25,6' 6.25'',11.16,Felix,38.5,3.09,5.0,4.0,0.8,5.0,4.0,0.8,5.0,4.0,0.8,5.0,2.0,0.4,5.0,1.0,0.2,,,,,,,,,,,,,,,,,,,,,,,,,,,,,,,,,203467.0,Carrick Felix,SF-SG,2013,,,,,,,,,,,4-5,4-5,4-5,2-5,1-5,103.5,8' 7.5'',32.0,,3.25,202.6,81.25,6' 9.25'',203467
89,,8.25,2013-14,,,,,,,,,,,,,,,,,,,,,,,,,,,,,,,Jamaal,8.5,8.25,76.0,6' 4'',77.25,6' 5.25'',,Franklin,,,,,,,,,,,,,,,,,,,,,,,,,,,,,,,,,,,,,,,,,,,,,,,,,,203479.0,Jamaal Franklin,SG-SF,2013,,,,,,,,,,,,,,,,103.5,8' 7.5'',,,,190.8,83.25,6' 11.25'',203479
90,7.0,4.4,2013-14,5.0,,,5.0,,,5.0,,,5.0,,,5.0,,,5.0,3.0,0.6,5.0,4.0,0.8,5.0,3.0,0.6,5.0,2.0,0.4,5.0,4.0,0.8,Rudy,9.75,10.0,84.5,7' 0.5'',86.0,7' 2'',12.85,Gobert,29.0,3.19,5.0,,,5.0,,,5.0,,,5.0,,,5.0,,,,,,,,,,,,,,,,,,,,,,,,,,,,,,,,,,,203497.0,Rudy Gobert,C,2013,,,,,,3-5,4-5,3-5,2-5,4-5,,,,,,115.0,9' 7'',25.0,,3.57,237.6,92.5,7' 8.5'',203497
91,1.0,4.55,2013-14,5.0,5.0,1.0,5.0,2.0,0.4,5.0,3.0,0.6,5.0,4.0,0.8,5.0,2.0,0.4,5.0,,,5.0,,,5.0,,,5.0,,,5.0,,,Archie,8.5,9.0,75.75,6' 3.75'',77.25,6' 5.25'',10.75,Goodwin,36.0,3.41,5.0,1.0,0.2,5.0,3.0,0.6,5.0,3.0,0.6,5.0,0.0,0.0,5.0,3.0,0.6,,,,,,,,,,,,,,,,,,,,,,,,,,,,,,,,,203462.0,Archie Goodwin,SG,2013,5-5,2-5,3-5,4-5,2-5,,,,,,1-5,3-5,3-5,0-5,3-5,102.0,8' 6'',30.0,,3.27,189,81.5,6' 9.5'',203462
92,5.0,4.35,2013-14,5.0,4.0,0.8,5.0,4.0,0.8,5.0,2.0,0.4,5.0,3.0,0.6,5.0,1.0,0.2,5.0,,,5.0,,,5.0,,,5.0,,,5.0,,,Erick,8.5,9.0,73.5,6' 1.5'',75.0,6' 3'',,Green,,,5.0,3.0,0.6,5.0,3.0,0.6,5.0,3.0,0.6,5.0,3.0,0.6,5.0,1.0,0.2,,,,,,,,,,,,,,,,,,,,,,,,,,,,,,,,,203475.0,Erick Green,PG,2013,4-5,4-5,2-5,3-5,1-5,,,,,,3-5,3-5,3-5,3-5,1-5,98.0,8' 2'',,,,178.2,77.75,6' 5.75'',203475
93,16.0,6.05,2013-14,5.0,4.0,0.8,5.0,3.0,0.6,5.0,2.0,0.4,5.0,1.0,0.2,5.0,5.0,1.0,5.0,,,5.0,,,5.0,,,5.0,,,5.0,,,Tim,8.0,9.25,76.5,6' 4.5'',78.25,6' 6.25'',10.68,Hardaway Jr.,37.5,2.93,5.0,5.0,1.0,5.0,4.0,0.8,5.0,3.0,0.6,5.0,2.0,0.4,5.0,5.0,1.0,,,,,,,,,,,,,,,,,,,,,,,,,,,,,,,,,203501.0,Tim Hardaway Jr.,SG,2013,4-5,3-5,2-5,1-5,5-5,,,,,,5-5,4-5,3-5,2-5,5-5,101.0,8' 5'',31.5,,3.25,199.4,79.0,6' 7'',203501
94,14.0,7.6,2013-14,5.0,3.0,0.6,5.0,2.0,0.4,5.0,4.0,0.8,5.0,4.0,0.8,5.0,2.0,0.4,5.0,,,5.0,,,5.0,,,5.0,,,5.0,,,Solomon,9.0,10.5,77.5,6' 5.5'',79.0,6' 7'',10.77,Hill,37.5,2.91,5.0,4.0,0.8,5.0,3.0,0.6,5.0,4.0,0.8,5.0,3.0,0.6,5.0,3.0,0.6,,,,,,,,,,,,,,,,,,,,,,,,,,,,,,,,,203524.0,Solomon Hill,SF,2013,3-5,2-5,4-5,4-5,2-5,,,,,,4-5,3-5,4-5,3-5,3-5,103.0,8' 7'',29.5,,3.19,226,81.0,6' 9'',203524
95,2.0,10.05,2013-14,5.0,,,5.0,,,5.0,,,5.0,,,5.0,,,5.0,4.0,0.8,5.0,4.0,0.8,5.0,5.0,1.0,5.0,3.0,0.6,5.0,4.0,0.8,Grant,8.5,9.25,80.75,6' 8.75'',82.25,6' 10.25'',11.85,Jerrett,34.0,3.23,5.0,4.0,0.8,5.0,4.0,0.8,5.0,5.0,1.0,5.0,2.0,0.4,5.0,1.0,0.2,,,,,,,,,,,,,,,,,,,,,,,,,,,,,,,,,203511.0,Grant Jerrett,PF,2013,,,,,,4-5,4-5,5-5,3-5,4-5,4-5,4-5,5-5,2-5,1-5,109.0,9' 1'',28.5,,3.51,232,86.0,7' 2'',203511
96,,14.75,2013-14,,,,,,,,,,,,,,,,,,,,,,,,,,,,,,,Ryan,9.0,10.0,81.75,6' 9.75'',83.75,6' 11.75'',,Kelly,,,,,,,,,,,,,,,,,,,,,,,,,,,,,,,,,,,,,,,,,,,,,,,,,,203527.0,Ryan Kelly,PF,2013,,,,,,,,,,,,,,,,110.0,9' 2'',,,,228,83.5,6' 11.5'',203527
97,12.0,3.8,2013-14,5.0,0.0,0.0,5.0,3.0,0.6,5.0,2.0,0.4,5.0,2.0,0.4,5.0,4.0,0.8,5.0,,,5.0,,,5.0,,,5.0,,,5.0,,,Shane,7.5,8.75,70.25,5' 10.25'',71.5,5' 11.5'',10.64,Larkin,44.0,3.03,5.0,3.0,0.6,5.0,4.0,0.8,5.0,5.0,1.0,5.0,2.0,0.4,5.0,2.0,0.4,,,,,,,,,,,,,,,,,,,,,,,,,,,,,,,,,203499.0,Shane Larkin,PG,2013,0-5,3-5,2-5,2-5,4-5,,,,,,3-5,4-5,5-5,2-5,2-5,89.5,7' 5.5'',34.5,,3.08,170.8,70.75,5' 10.75'',203499
98,4.0,10.25,2013-14,5.0,4.0,0.8,5.0,3.0,0.6,5.0,4.0,0.8,5.0,2.0,0.4,5.0,4.0,0.8,5.0,,,5.0,,,5.0,,,5.0,,,5.0,,,Ricky,8.5,9.25,76.75,6' 4.75'',78.0,6' 6'',10.72,Ledo,33.5,3.16,5.0,2.0,0.4,5.0,3.0,0.6,5.0,1.0,0.2,5.0,4.0,0.8,5.0,2.0,0.4,,,,,,,,,,,,,,,,,,,,,,,,,,,,,,,,,203495.0,Ricky Ledo,SG,2013,4-5,3-5,4-5,2-5,4-5,,,,,,2-5,3-5,1-5,4-5,2-5,102.5,8' 6.5'',27.0,,3.32,197.2,79.25,6' 7.25'',203495
99,,6.4,2013-14,,,,,,,,,,,,,,,,,,,,,,,,,,,,,,,Alex,9.0,10.75,,,,,,Len,,,,,,,,,,,,,,,,,,,,,,,,,,,,,,,,,,,,,,,,,,,,,,,,,,203458.0,Alex Len,C,2013,,,,,,,,,,,,,,,,,,,,,,87.5,7' 3.5'',203458
100,5.0,7.3,2013-14,5.0,5.0,1.0,5.0,1.0,0.2,5.0,0.0,0.0,5.0,3.0,0.6,5.0,3.0,0.6,5.0,,,5.0,,,5.0,,,5.0,,,5.0,,,Ray,8.0,8.75,72.25,6' 0.25'',73.75,6' 1.75'',10.82,McCallum,40.0,3.08,5.0,5.0,1.0,5.0,3.0,0.6,5.0,1.0,0.2,5.0,2.0,0.4,5.0,2.0,0.4,,,,,,,,,,,,,,,,,,,,,,,,,,,,,,,,,203492.0,Ray McCallum,PG,2013,5-5,1-5,0-5,3-5,3-5,,,,,,5-5,3-5,1-5,2-5,2-5,96.5,8' 0.5'',30.5,,3.25,191.4,75.25,6' 3.25'',203492
101,13.0,8.6,2013-14,,,,,,,,,,,,,,,,,,,,,,,,,,,,,,,CJ,8.0,9.5,74.25,6' 2.25'',75.25,6' 3.25'',11.02,McCollum,38.5,2.91,,,,,,,,,,,,,,,,,,,,,,,,,,,,,,,,,,,,,,,,,,,,,,,,203468.0,CJ McCollum,PG-SG,2013,,,,,,,,,,,,,,,,96.5,8' 0.5'',32.0,,3.32,197,78.25,6' 6.25'',203468
102,6.0,5.0,2013-14,,,,,,,,,,,,,,,,,,,,,,,,,,,,,,,Ben,8.75,9.5,75.5,6' 3.5'',76.75,6' 4.75'',11.87,McLemore,42.0,3.11,,,,,,,,,,,,,,,,,,,,,,,,,,,,,,,,,,,,,,,,,,,,,,,,203463.0,Ben McLemore,SG,2013,,,,,,,,,,,,,,,,100.5,8' 4.5'',32.5,,3.27,189.2,79.75,6' 7.75'',203463
103,13.0,5.55,2013-14,5.0,3.0,0.6,5.0,3.0,0.6,5.0,2.0,0.4,5.0,2.0,0.4,5.0,5.0,1.0,5.0,3.0,0.6,5.0,3.0,0.6,5.0,3.0,0.6,5.0,3.0,0.6,5.0,3.0,0.6,Tony,9.0,10.0,79.5,6' 7.5'',80.75,6' 8.75'',11.82,Mitchell,38.0,3.25,5.0,,,5.0,,,5.0,,,5.0,,,5.0,,,,,,,,,,,,,,,,,,,,,,,,,,,,,,,,,,,203502.0,Tony Mitchell,PF-SF,2013,3-5,3-5,2-5,2-5,5-5,3-5,3-5,3-5,3-5,3-5,,,,,,106.5,8' 10.5'',33.5,,3.52,236.4,86.5,7' 2.5'',203183
104,13.0,5.55,2013-14,5.0,3.0,0.6,5.0,3.0,0.6,5.0,2.0,0.4,5.0,2.0,0.4,5.0,5.0,1.0,5.0,3.0,0.6,5.0,3.0,0.6,5.0,3.0,0.6,5.0,3.0,0.6,5.0,3.0,0.6,Tony,9.0,10.0,79.5,6' 7.5'',80.75,6' 8.75'',11.82,Mitchell,38.0,3.25,5.0,,,5.0,,,5.0,,,5.0,,,5.0,,,,,,,,,,,,,,,,,,,,,,,,,,,,,,,,,,,203502.0,Tony Mitchell,PF-SF,2013,3-5,3-5,2-5,2-5,5-5,3-5,3-5,3-5,3-5,3-5,,,,,,106.5,8' 10.5'',33.5,,3.52,236.4,86.5,7' 2.5'',203502
105,14.0,5.7,2012-13,,,,,,,,,,,,,,,,,,,,,,,,,,,,,,,Tony,8.5,10.0,77.25,6' 5.25'',78.25,6' 6.25'',11.72,Mitchell,40.0,,,,,,,,,,,,,,,,,,,,,,,,,,,,,,,,,,,,,,,,,,,,,,,,,203183.0,Tony Mitchell,SG,2012,,,,,,,,,,,,,,,,100.0,8' 4'',31.5,,3.47,216.4,82.0,6' 10'',203183
106,14.0,5.7,2012-13,,,,,,,,,,,,,,,,,,,,,,,,,,,,,,,Tony,8.5,10.0,77.25,6' 5.25'',78.25,6' 6.25'',11.72,Mitchell,40.0,,,,,,,,,,,,,,,,,,,,,,,,,,,,,,,,,,,,,,,,,,,,,,,,,203183.0,Tony Mitchell,SG,2012,,,,,,,,,,,,,,,,100.0,8' 4'',31.5,,3.47,216.4,82.0,6' 10'',203502
107,10.0,9.0,2013-14,5.0,1.0,0.2,5.0,2.0,0.4,5.0,3.0,0.6,5.0,2.0,0.4,5.0,2.0,0.4,5.0,,,5.0,,,5.0,,,5.0,,,5.0,,,Shabazz,9.0,10.0,76.75,6' 4.75'',78.25,6' 6.25'',10.99,Muhammad,37.0,2.93,5.0,1.0,0.2,5.0,1.0,0.2,5.0,3.0,0.6,5.0,1.0,0.2,5.0,2.0,0.4,,,,,,,,,,,,,,,,,,,,,,,,,,,,,,,,,203498.0,Shabazz Muhammad,SF-SG,2013,1-5,2-5,3-5,2-5,2-5,,,,,,1-5,1-5,3-5,1-5,2-5,104.5,8' 8.5'',29.5,,3.32,221.8,83.0,6' 11'',203498
108,13.0,7.95,2013-14,5.0,,,5.0,,,5.0,,,5.0,,,5.0,,,5.0,3.0,0.6,5.0,1.0,0.2,5.0,4.0,0.8,5.0,4.0,0.8,5.0,3.0,0.6,Erik,8.75,9.75,80.75,6' 8.75'',81.5,6' 9.5'',12.19,Murphy,29.5,2.96,5.0,3.0,0.6,5.0,3.0,0.6,5.0,5.0,1.0,5.0,5.0,1.0,5.0,2.0,0.4,,,,,,,,,,,,,,,,,,,,,,,,,,,,,,,,,203513.0,Erik Murphy,PF,2013,,,,,,3-5,1-5,4-5,4-5,3-5,3-5,3-5,5-5,5-5,2-5,108.0,9' 0'',24.5,,3.57,239.8,82.5,6' 10.5'',203513
109,5.0,6.8,2013-14,5.0,5.0,1.0,5.0,5.0,1.0,5.0,2.0,0.4,5.0,1.0,0.2,5.0,4.0,0.8,5.0,5.0,1.0,5.0,4.0,0.8,5.0,4.0,0.8,5.0,3.0,0.6,5.0,5.0,1.0,Mike,8.5,9.0,82.25,6' 10.25'',83.5,6' 11.5'',11.76,Muscala,33.5,2.99,5.0,,,5.0,,,5.0,,,5.0,,,5.0,,,,,,,,,,,,,,,,,,,,,,,,,,,,,,,,,,,203488.0,Mike Muscala,C-PF,2013,5-5,5-5,2-5,1-5,4-5,5-5,4-5,4-5,3-5,5-5,,,,,,108.0,9' 0'',28.0,,3.44,230.2,85.0,7' 1'',203488
110,,4.15,2013-14,,,,,,,,,,,,,,,,,,,,,,,,,,,,,,,Nerlens,9.5,10.0,82.0,6' 10'',83.75,6' 11.75'',,Noel,,,,,,,,,,,,,,,,,,,,,,,,,,,,,,,,,,,,,,,,,,,,,,,,,,203457.0,Nerlens Noel,C,2013,,,,,,,,,,,,,,,,110.0,9' 2'',,,,206.4,87.75,7' 3.75'',203457
111,15.0,6.55,2013-14,,,,,,,,,,,,,,,,,,,,,,,,,,,,,,,Victor,8.75,9.25,75.25,6' 3.25'',76.25,6' 4.25'',10.69,Oladipo,42.0,3.14,,,,,,,,,,,,,,,,,,,,,,,,,,,,,,,,,,,,,,,,,,,,,,,,203506.0,Victor Oladipo,SG,2013,,,,,,,,,,,,,,,,100.5,8' 4.5'',33.0,,3.25,213.2,81.25,6' 9.25'',203506
112,5.0,6.65,2013-14,5.0,,,5.0,,,5.0,,,5.0,,,5.0,,,5.0,3.0,0.6,5.0,3.0,0.6,5.0,4.0,0.8,5.0,3.0,0.6,5.0,3.0,0.6,Kelly,8.5,10.0,82.75,6' 10.75'',84.0,7' 0'',11.42,Olynyk,29.5,2.99,5.0,2.0,0.4,5.0,1.0,0.2,5.0,4.0,0.8,5.0,3.0,0.6,5.0,3.0,0.6,,,,,,,,,,,,,,,,,,,,,,,,,,,,,,,,,203482.0,Kelly Olynyk,PF-C,2013,,,,,,3-5,3-5,4-5,3-5,3-5,2-5,1-5,4-5,3-5,3-5,108.0,9' 0'',24.5,,3.59,234,81.75,6' 9.75'',203482
113,14.0,6.15,2013-14,,,,,,,,,,,,,,,,,,,,,,,,,,,,,,,Mason,9.75,9.5,83.25,6' 11.25'',84.5,7' 0.5'',10.89,Plumlee,36.0,2.76,,,,,,,,,,,,,,,,,,,,,,,,,,,,,,,,,,,,,,,,,,,,,,,,203486.0,Mason Plumlee,C-PF,2013,,,,,,,,,,,,,,,,108.0,9' 0'',30.5,,3.29,238.2,83.0,6' 11'',203486
114,9.0,6.65,2013-14,,,,,,,,,,,,,,,,,,,,,,,,,,,,,,,Otto,8.75,9.25,79.5,6' 7.5'',80.5,6' 8.5'',11.25,Porter,36.0,3.06,,,,,,,,,,,,,,,,,,,,,,,,,,,,,,,,,,,,,,,,,,,,,,,,203490.0,Otto Porter,SF,2013,,,,,,,,,,,,,,,,105.5,8' 9.5'',27.0,,3.4,197.6,85.5,7' 1.5'',203490
115,7.0,4.7,2013-14,5.0,3.0,0.6,5.0,3.0,0.6,5.0,3.0,0.6,5.0,0.0,0.0,5.0,4.0,0.8,5.0,,,5.0,,,5.0,,,5.0,,,5.0,,,Phil,7.75,9.75,69.5,5' 9.5'',71.5,5' 11.5'',10.86,Pressey,38.5,3.02,5.0,3.0,0.6,5.0,3.0,0.6,5.0,3.0,0.6,5.0,2.0,0.4,5.0,4.0,0.8,,,,,,,,,,,,,,,,,,,,,,,,,,,,,,,,,203515.0,Phil Pressey,PG,2013,3-5,3-5,3-5,0-5,4-5,,,,,,3-5,3-5,3-5,2-5,4-5,92.0,7' 8'',33.0,,3.13,177,74.25,6' 2.25'',203515
116,10.0,7.05,2013-14,5.0,3.0,0.6,5.0,3.0,0.6,5.0,2.0,0.4,5.0,2.0,0.4,5.0,4.0,0.8,5.0,,,5.0,,,5.0,,,5.0,,,5.0,,,Andre,8.75,9.5,78.25,6' 6.25'',79.0,6' 7'',11.36,Roberson,36.5,3.02,5.0,1.0,0.2,5.0,2.0,0.4,5.0,3.0,0.6,5.0,1.0,0.2,5.0,0.0,0.0,,,,,,,,,,,,,,,,,,,,,,,,,,,,,,,,,203460.0,Andre Roberson,PF-SF,2013,3-5,3-5,2-5,2-5,4-5,,,,,,1-5,2-5,3-5,1-5,0-5,104.5,8' 8.5'',30.0,,3.34,205.8,83.0,6' 11'',203460
117,1.0,4.1,2013-14,,,,,,,,,,,,,,,,,,,,,,,,,,,,,,,Dennis,8.75,10.5,73.0,6' 1'',74.0,6' 2'',11.09,Schroder,34.0,2.86,,,,,,,,,,,,,,,,,,,,,,,,,,,,,,,,,,,,,,,,,,,,,,,,203471.0,Dennis Schroder,PG,2013,,,,,,,,,,,,,,,,98.0,8' 2'',30.0,,3.21,164.8,79.75,6' 7.75'',203471
118,15.0,6.05,2013-14,5.0,3.0,0.6,5.0,4.0,0.8,5.0,5.0,1.0,5.0,3.0,0.6,5.0,3.0,0.6,5.0,,,5.0,,,5.0,,,5.0,,,5.0,,,Peyton,8.0,9.75,71.5,5' 11.5'',73.0,6' 1'',10.59,Siva,41.5,2.93,5.0,2.0,0.4,5.0,2.0,0.4,5.0,4.0,0.8,5.0,4.0,0.8,5.0,4.0,0.8,,,,,,,,,,,,,,,,,,,,,,,,,,,,,,,,,203491.0,Peyton Siva,PG,2013,3-5,4-5,5-5,3-5,3-5,,,,,,2-5,2-5,4-5,4-5,4-5,93.0,7' 9'',33.5,,3.16,180.6,75.0,6' 3'',203491
119,7.0,4.85,2013-14,5.0,5.0,1.0,5.0,4.0,0.8,5.0,3.0,0.6,5.0,4.0,0.8,5.0,4.0,0.8,5.0,,,5.0,,,5.0,,,5.0,,,5.0,,,Tony,9.0,9.5,78.0,6' 6'',79.25,6' 7.25'',11.36,Snell,36.5,2.84,5.0,3.0,0.6,5.0,3.0,0.6,5.0,4.0,0.8,5.0,2.0,0.4,5.0,5.0,1.0,,,,,,,,,,,,,,,,,,,,,,,,,,,,,,,,,203503.0,Tony Snell,SF-SG,2013,5-5,4-5,3-5,4-5,4-5,,,,,,3-5,3-5,4-5,2-5,5-5,105.5,8' 9.5'',30.0,,3.25,198.2,83.5,6' 11.5'',203503
120,5.0,8.05,2013-14,5.0,3.0,0.6,5.0,3.0,0.6,5.0,5.0,1.0,5.0,2.0,0.4,5.0,4.0,0.8,5.0,,,5.0,,,5.0,,,5.0,,,5.0,,,James,8.0,9.5,79.0,6' 7'',80.0,6' 8'',10.9,Southerland,32.0,3.03,5.0,4.0,0.8,5.0,3.0,0.6,5.0,2.0,0.4,5.0,2.0,0.4,5.0,3.0,0.6,,,,,,,,,,,,,,,,,,,,,,,,,,,,,,,,,203480.0,James Southerland,SF-PF,2013,3-5,3-5,5-5,2-5,4-5,,,,,,4-5,3-5,2-5,2-5,3-5,106.0,8' 10'',29.0,,3.38,220.6,85.0,7' 1'',203480
121,13.0,7.5,2013-14,5.0,4.0,0.8,5.0,4.0,0.8,5.0,1.0,0.2,5.0,1.0,0.2,5.0,4.0,0.8,5.0,,,5.0,,,5.0,,,5.0,,,5.0,,,Adonis,9.25,9.5,76.75,6' 4.75'',77.75,6' 5.75'',11.64,Thomas,40.5,3.11,5.0,4.0,0.8,5.0,3.0,0.6,5.0,4.0,0.8,5.0,2.0,0.4,5.0,2.0,0.4,,,,,,,,,,,,,,,,,,,,,,,,,,,,,,,,,203519.0,Adonis Thomas,SF,2013,4-5,4-5,1-5,1-5,4-5,,,,,,4-5,3-5,4-5,2-5,2-5,99.0,8' 3'',34.5,,3.32,231.8,85.0,7' 1'',203519
122,10.0,8.65,2013-14,5.0,,,5.0,,,5.0,,,5.0,,,5.0,,,5.0,3.0,0.6,5.0,3.0,0.6,5.0,3.0,0.6,5.0,4.0,0.8,5.0,3.0,0.6,Jeff,9.0,9.75,82.75,6' 10.75'',84.5,7' 0.5'',12.49,Withey,29.0,3.29,5.0,,,5.0,,,5.0,,,5.0,,,5.0,,,,,,,,,,,,,,,,,,,,,,,,,,,,,,,,,,,203481.0,Jeff Withey,C,2013,,,,,,3-5,3-5,3-5,4-5,3-5,,,,,,110.5,9' 2.5'',26.5,,3.47,221.8,86.0,7' 2'',203481
123,8.0,5.5,2013-14,5.0,4.0,0.8,5.0,4.0,0.8,5.0,2.0,0.4,5.0,3.0,0.6,5.0,4.0,0.8,5.0,,,5.0,,,5.0,,,5.0,,,5.0,,,Nate,8.25,8.75,75.5,6' 3.5'',76.75,6' 4.75'',,Wolters,,,5.0,4.0,0.8,5.0,3.0,0.6,5.0,3.0,0.6,5.0,4.0,0.8,5.0,2.0,0.4,,,,,,,,,,,,,,,,,,,,,,,,,,,,,,,,,203489.0,Nate Wolters,PG,2013,4-5,4-5,2-5,3-5,4-5,,,,,,4-5,3-5,3-5,4-5,2-5,98.0,8' 2'',,,,196.4,75.75,6' 3.75'',203489
124,17.0,4.75,2013-14,,,,,,,,,,,,,,,,,,,,,,,,,,,,,,,Cody,8.5,10.5,82.75,6' 10.75'',84.25,7' 0.25'',10.82,Zeller,37.5,2.69,,,,,,,,,,,,,,,,,,,,,,,,,,,,,,,,,,,,,,,,,,,,,,,,203469.0,Cody Zeller,C-PF,2013,,,,,,,,,,,,,,,,106.0,8' 10'',35.5,,3.15,230,82.75,6' 10.75'',203469
125,13.0,7.1,2012-13,,,,,,,,,,,,,,,,,,,,,,,,,,,,,,,Quincy,9.5,11.0,78.5,6' 6.5'',79.75,6' 7.75'',10.48,Acy,37.0,,,,,,,,,,,,,,,,,,,,,,,,,,,,,,,,,,,,,,,,,,,,,,,,,203112.0,Quincy Acy,PF,2012,,,,,,,,,,,,,,,,106.5,8' 10.5'',32.0,,3.28,223.8,86.75,7' 2.75'',203112
126,15.0,9.6,2012-13,,,,,,,,,,,,,,,,,,,,,,,,,,,,,,,Harrison,9.0,8.5,79.0,6' 7'',80.0,6' 8'',10.93,Barnes,39.5,,,,,,,,,,,,,,,,,,,,,,,,,,,,,,,,,,,,,,,,,,,,,,,,,203084.0,Harrison Barnes,SF-SG,2012,,,,,,,,,,,,,,,,101.5,8' 5.5'',38.0,,3.16,227.8,83.25,6' 11.25'',203084
127,0.0,4.1,2012-13,,,,,,,,,,,,,,,,,,,,,,,,,,,,,,,Will,9.0,9.5,77.0,6' 5'',78.0,6' 6'',12.5,Barton,34.0,,,,,,,,,,,,,,,,,,,,,,,,,,,,,,,,,,,,,,,,,,,,,,,,,203115.0,Will Barton,SG-SF,2012,,,,,,,,,,,,,,,,102.5,8' 6.5'',30.0,,3.6,174.4,81.75,6' 9.75'',203115
128,8.0,6.0,2012-13,,,,,,,,,,,,,,,,,,,,,,,,,,,,,,,Bradley,8.5,9.0,75.25,6' 3.25'',76.75,6' 4.75'',10.95,Beal,39.0,,,,,,,,,,,,,,,,,,,,,,,,,,,,,,,,,,,,,,,,,,,,,,,,,203078.0,Bradley Beal,SG,2012,,,,,,,,,,,,,,,,100.0,8' 4'',33.0,,3.28,201.8,80.0,6' 8'',203078
129,20.0,9.0,2012-13,,,,,,,,,,,,,,,,,,,,,,,,,,,,,,,Jae,9.5,10.5,76.75,6' 4.75'',78.5,6' 6.5'',11.45,Crowder,34.5,,,,,,,,,,,,,,,,,,,,,,,,,,,,,,,,,,,,,,,,,,,,,,,,,203109.0,Jae Crowder,SF,2012,,,,,,,,,,,,,,,,99.5,8' 3.5'',31.0,,3.37,241.2,81.25,6' 9.25'',203109
130,4.0,3.6,2012-13,,,,,,,,,,,,,,,,,,,,,,,,,,,,,,,Jared,8.25,9.0,75.5,6' 3.5'',77.0,6' 5'',,Cunningham,,,,,,,,,,,,,,,,,,,,,,,,,,,,,,,,,,,,,,,,,,,,,,,,,,203099.0,Jared Cunningham,SG-PG,2012,,,,,,,,,,,,,,,,98.0,8' 2'',,,,187.6,78.5,6' 6.5'',203099
131,,7.9,2012-13,,,,,,,,,,,,,,,,,,,,,,,,,,,,,,,Anthony,9.0,8.5,81.25,6' 9.25'',82.5,6' 10.5'',,Davis,,,,,,,,,,,,,,,,,,,,,,,,,,,,,,,,,,,,,,,,,,,,,,,,,,203076.0,Anthony Davis,PF-C,2012,,,,,,,,,,,,,,,,108.0,9' 0'',,,,221.8,89.5,7' 5.5'',203076
132,10.0,7.5,2012-13,,,,,,,,,,,,,,,,,,,,,,,,,,,,,,,Andre,9.5,9.5,81.75,6' 9.75'',83.75,6' 11.75'',10.83,Drummond,33.5,,,,,,,,,,,,,,,,,,,,,,,,,,,,,,,,,,,,,,,,,,,,,,,,,203083.0,Andre Drummond,C,2012,,,,,,,,,,,,,,,,109.5,9' 1.5'',31.5,,3.39,278.6,90.25,7' 6.25'',203083
133,,4.3,2012-13,,,,,,,,,,,,,,,,,,,,,,,,,,,,,,,Kim,8.5,8.75,76.5,6' 4.5'',77.75,6' 5.75'',10.59,English,36.5,,,,,,,,,,,,,,,,,,,,,,,,,,,,,,,,,,,,,,,,,,,,,,,,,203119.0,Kim English,SG,2012,,,,,,,,,,,,,,,,98.0,8' 2'',29.0,,3.33,192,78.5,6' 6.5'',203119
134,18.0,5.5,2012-13,,,,,,,,,,,,,,,,,,,,,,,,,,,,,,,Festus,9.0,10.75,81.75,6' 9.75'',83.5,6' 11.5'',12.35,Ezeli,33.5,,,,,,,,,,,,,,,,,,,,,,,,,,,,,,,,,,,,,,,,,,,,,,,,,203105.0,Festus Ezeli,C-PF,2012,,,,,,,,,,,,,,,,108.0,9' 0'',34.0,,3.29,264.2,89.75,7' 5.75'',203105
135,10.0,9.1,2012-13,,,,,,,,,,,,,,,,,,,,,,,,,,,,,,,Drew,8.5,9.75,80.0,6' 8'',80.75,6' 8.75'',11.35,Gordon,34.0,,,,,,,,,,,,,,,,,,,,,,,,,,,,,,,,,,,,,,,,,,,,,,,,,12467.0,Drew Gordon,PF,2012,,,,,,,,,,,,,,,,103.5,8' 7.5'',29.0,,3.49,239,83.5,6' 11.5'',204079
136,9.0,11.3,2012-13,,,,,,,,,,,,,,,,,,,,,,,,,,,,,,,Draymond,9.0,9.5,77.75,6' 5.75'',79.5,6' 7.5'',11.01,Green,33.0,,,,,,,,,,,,,,,,,,,,,,,,,,,,,,,,,,,,,,,,,,,,,,,,,203110.0,Draymond Green,PF-SF,2012,,,,,,,,,,,,,,,,105.0,8' 9'',28.0,,3.4,235.6,85.25,7' 1.25'',203110
137,19.0,9.8,2012-13,,,,,,,,,,,,,,,,,,,,,,,,,,,,,,,JaMychal,9.25,9.25,80.0,6' 8'',81.0,6' 9'',10.63,Green,32.5,,,,,,,,,,,,,,,,,,,,,,,,,,,,,,,,,,,,,,,,,,,,,,,,,203254.0,JaMychal Green,PF,2012,,,,,,,,,,,,,,,,106.5,8' 10.5'',29.5,,3.38,217.4,86.25,7' 2.25'',203210
138,5.0,5.3,2012-13,,,,,,,,,,,,,,,,,,,,,,,,,,,,,,,Maurice,9.25,10.25,79.25,6' 7.25'',80.75,6' 8.75'',10.87,Harkless,37.0,,,,,,,,,,,,,,,,,,,,,,,,,,,,,,,,,,,,,,,,,,,,,,,,,203090.0,Maurice Harkless,SF,2012,,,,,,,,,,,,,,,,102.5,8' 6.5'',32.5,,3.25,206.6,84.0,7' 0'',203090
139,5.0,8.6,2012-13,,,,,,,,,,,,,,,,,,,,,,,,,,,,,,,John,9.25,10.0,81.0,6' 9'',82.5,6' 10.5'',,Henson,30.0,,,,,,,,,,,,,,,,,,,,,,,,,,,,,,,,,,,,,,,,,,,,,,,,,203089.0,John Henson,PF,2012,,,,,,,,,,,,,,,,112.0,9' 4'',25.5,,,216,89.0,7' 5'',203089
140,13.0,9.4,2012-13,,,,,,,,,,,,,,,,,,,,,,,,,,,,,,,Robbie,8.5,9.5,79.25,6' 7.25'',80.5,6' 8.5'',11.56,Hummel,30.0,,,,,,,,,,,,,,,,,,,,,,,,,,,,,,,,,,,,,,,,,,,,,,,,,203133.0,Robbie Hummel,SF,2012,,,,,,,,,,,,,,,,102.0,8' 6'',27.5,,3.41,218,80.5,6' 8.5'',203133
141,6.0,5.0,2012-13,,,,,,,,,,,,,,,,,,,,,,,,,,,,,,,Bernard,9.0,9.25,80.75,6' 8.75'',82.0,6' 10'',11.84,James,32.5,,,,,,,,,,,,,,,,,,,,,,,,,,,,,,,,,,,,,,,,,,,,,,,,,203108.0,Bernard James,PF,2012,,,,,,,,,,,,,,,,108.5,9' 0.5'',30.0,,3.4,229.8,87.0,7' 3'',203108
142,10.0,7.1,2012-13,,,,,,,,,,,,,,,,,,,,,,,,,,,,,,,John,9.0,9.0,75.25,6' 3.25'',76.25,6' 4.25'',11.36,Jenkins,36.5,,,,,,,,,,,,,,,,,,,,,,,,,,,,,,,,,,,,,,,,,,,,,,,,,203098.0,John Jenkins,SG,2012,,,,,,,,,,,,,,,,98.0,8' 2'',30.5,,3.37,212,80.5,6' 8.5'',203098
143,13.0,7.0,2012-13,,,,,,,,,,,,,,,,,,,,,,,,,,,,,,,Orlando,9.0,9.5,75.75,6' 3.75'',77.25,6' 5.25'',10.98,Johnson,39.5,,,,,,,,,,,,,,,,,,,,,,,,,,,,,,,,,,,,,,,,,,,,,,,,,203111.0,Orlando Johnson,SG,2012,,,,,,,,,,,,,,,,99.0,8' 3'',32.0,,3.25,223.8,83.25,6' 11.25'',203111
144,17.0,7.0,2012-13,,,,,,,,,,,,,,,,,,,,,,,,,,,,,,,Darius,8.75,8.75,73.5,6' 1.5'',75.0,6' 3'',10.76,Johnson-Odom,41.5,,,,,,,,,,,,,,,,,,,,,,,,,,,,,,,,,,,,,,,,,,,,,,,,,203130.0,Darius Johnson-Odom,SG,2012,,,,,,,,,,,,,,,,96.0,8' 0'',33.5,,3.21,212,79.0,6' 7'',203130
145,11.0,4.6,2012-13,,,,,,,,,,,,,,,,,,,,,,,,,,,,,,,Perry,9.25,9.5,82.25,6' 10.25'',83.25,6' 11.25'',11.31,Jones,38.5,,,,,,,,,,,,,,,,,,,,,,,,,,,,,,,,,,,,,,,,,,,,,,,,,203103.0,Perry Jones,PF-SF,2012,,,,,,,,,,,,,,,,107.0,8' 11'',33.0,,3.19,233.8,85.75,7' 1.75'',203103
146,12.0,7.7,2012-13,,,,,,,,,,,,,,,,,,,,,,,,,,,,,,,Terrence,9.0,10.0,80.25,6' 8.25'',81.5,6' 9.5'',11.57,Jones,34.5,,,,,,,,,,,,,,,,,,,,,,,,,,,,,,,,,,,,,,,,,,,,,,,,,203093.0,Terrence Jones,PF-SF,2012,,,,,,,,,,,,,,,,107.0,8' 11'',29.5,,3.4,252,86.25,7' 2.25'',203093
147,17.0,11.2,2012-13,,,,,,,,,,,,,,,,,,,,,,,,,,,,,,,Kevin,9.0,7.75,78.25,6' 6.25'',79.5,6' 7.5'',11.94,Jones,32.5,,,,,,,,,,,,,,,,,,,,,,,,,,,,,,,,,,,,,,,,,,,,,,,,,203158.0,Kevin Jones,PF,2012,,,,,,,,,,,,,,,,105.0,8' 9'',27.5,,3.6,251.2,85.5,7' 1.5'',203158
148,6.0,8.6,2012-13,,,,,,,,,,,,,,,,,,,,,,,,,,,,,,,Kris,9.0,9.0,78.0,6' 6'',79.0,6' 7'',,Joseph,35.0,,,,,,,,,,,,,,,,,,,,,,,,,,,,,,,,,,,,,,,,,,,,,,,,,203126.0,Kris Joseph,SG,2012,,,,,,,,,,,,,,,,104.0,8' 8'',28.5,,3.46,215,83.0,6' 11'',203126
149,6.0,7.0,2012-13,,,,,,,,,,,,,,,,,,,,,,,,,,,,,,,Michael,9.0,10.25,77.75,6' 5.75'',79.5,6' 7.5'',11.77,Kidd-Gilchrist,35.5,,,,,,,,,,,,,,,,,,,,,,,,,,,,,,,,,,,,,,,,,,,,,,,,,203077.0,Michael Kidd-Gilchrist,SF,2012,,,,,,,,,,,,,,,,104.5,8' 8.5'',32.0,,3.18,232.8,84.0,7' 0'',203077
150,2.0,6.7,2012-13,,,,,,,,,,,,,,,,,,,,,,,,,,,,,,,Doron,8.5,8.75,75.25,6' 3.25'',76.75,6' 4.75'',11.12,Lamb,33.5,,,,,,,,,,,,,,,,,,,,,,,,,,,,,,,,,,,,,,,,,,,,,,,,,203117.0,Doron Lamb,SG-PG,2012,,,,,,,,,,,,,,,,98.5,8' 2.5'',29.0,,3.41,199.4,78.75,6' 6.75'',203117
151,5.0,4.5,2012-13,,,,,,,,,,,,,,,,,,,,,,,,,,,,,,,Jeremy,8.75,9.25,76.0,6' 4'',77.25,6' 5.25'',10.98,Lamb,38.0,,,,,,,,,,,,,,,,,,,,,,,,,,,,,,,,,,,,,,,,,,,,,,,,,203087.0,Jeremy Lamb,SG,2012,,,,,,,,,,,,,,,,102.0,8' 6'',31.5,,3.25,179.2,83.0,6' 11'',203087
152,19.0,5.7,2012-13,,,,,,,,,,,,,,,,,,,,,,,,,,,,,,,Meyers,9.25,11.0,83.75,6' 11.75'',85.25,7' 1.25'',11.34,Leonard,32.5,,,,,,,,,,,,,,,,,,,,,,,,,,,,,,,,,,,,,,,,,,,,,,,,,203086.0,Meyers Leonard,C,2012,,,,,,,,,,,,,,,,108.0,9' 0'',30.0,,3.41,249.8,87.0,7' 3'',203086
153,13.0,5.9,2012-13,,,,,,,,,,,,,,,,,,,,,,,,,,,,,,,Damian,8.75,9.75,73.75,6' 1.75'',74.75,6' 2.75'',11.15,Lillard,39.5,,,,,,,,,,,,,,,,,,,,,,,,,,,,,,,,,,,,,,,,,,,,,,,,,203081.0,Damian Lillard,PG,2012,,,,,,,,,,,,,,,,95.5,7' 11.5'',34.5,,3.34,188.8,79.75,6' 7.75'',203081
154,17.0,5.8,2012-13,,,,,,,,,,,,,,,,,,,,,,,,,,,,,,,Scott,8.5,9.5,73.0,6' 1'',74.0,6' 2'',11.26,Machado,32.5,,,,,,,,,,,,,,,,,,,,,,,,,,,,,,,,,,,,,,,,,,,,,,,,,203159.0,Scott Machado,PG,2012,,,,,,,,,,,,,,,,94.5,7' 10.5'',27.0,,3.3,205.8,76.0,6' 4'',203159
155,,7.8,2012-13,,,,,,,,,,,,,,,,,,,,,,,,,,,,,,,Kendall,8.5,9.0,75.25,6' 3.25'',76.25,6' 4.25'',12.03,Marshall,37.0,,,,,,,,,,,,,,,,,,,,,,,,,,,,,,,,,,,,,,,,,,,,,,,,,203088.0,Kendall Marshall,PG,2012,,,,,,,,,,,,,,,,96.0,8' 0'',31.0,,3.23,198.4,77.5,6' 5.5'',203088
156,9.0,9.2,2012-13,,,,,,,,,,,,,,,,,,,,,,,,,,,,,,,Fab,9.0,10.0,82.75,6' 10.75'',84.0,7' 0'',12.14,Melo,31.0,,,,,,,,,,,,,,,,,,,,,,,,,,,,,,,,,,,,,,,,,,,,,,,,,203097.0,Fab Melo,C,2012,,,,,,,,,,,,,,,,110.0,9' 2'',29.5,,3.44,255,86.5,7' 2.5'',203097
157,4.0,7.8,2012-13,,,,,,,,,,,,,,,,,,,,,,,,,,,,,,,Khris,9.0,9.0,78.75,6' 6.75'',80.25,6' 8.25'',11.45,Middleton,31.0,,,,,,,,,,,,,,,,,,,,,,,,,,,,,,,,,,,,,,,,,,,,,,,,,203114.0,Khris Middleton,SF,2012,,,,,,,,,,,,,,,,103.0,8' 7'',28.0,,3.47,216.2,82.75,6' 10.75'',203114
158,14.0,7.5,2012-13,,,,,,,,,,,,,,,,,,,,,,,,,,,,,,,Darius,8.5,8.75,78.0,6' 6'',79.5,6' 7.5'',11.34,Miller,37.0,,,,,,,,,,,,,,,,,,,,,,,,,,,,,,,,,,,,,,,,,,,,,,,,,203121.0,Darius Miller,SF-SG,2012,,,,,,,,,,,,,,,,101.0,8' 5'',33.0,,3.31,233.4,81.0,6' 9'',203121
159,8.0,7.8,2012-13,,,,,,,,,,,,,,,,,,,,,,,,,,,,,,,Quincy,9.25,10.25,80.75,6' 8.75'',82.0,6' 10'',11.05,Miller,36.0,,,,,,,,,,,,,,,,,,,,,,,,,,,,,,,,,,,,,,,,,,,,,,,,,203113.0,Quincy Miller,SF,2012,,,,,,,,,,,,,,,,105.0,8' 9'',30.5,,3.48,218.7,85.25,7' 1.25'',203113
160,10.0,7.7,2012-13,,,,,,,,,,,,,,,,,,,,,,,,,,,,,,,Arnett,9.25,9.25,81.5,6' 9.5'',82.75,6' 10.75'',11.32,Moultrie,37.5,,,,,,,,,,,,,,,,,,,,,,,,,,,,,,,,,,,,,,,,,,,,,,,,,203102.0,Arnett Moultrie,PF,2012,,,,,,,,,,,,,,,,106.5,8' 10.5'',33.5,,3.22,232.8,86.25,7' 2.25'',203102
161,11.0,5.8,2012-13,,,,,,,,,,,,,,,,,,,,,,,,,,,,,,,Kevin,8.5,8.5,77.0,6' 5'',78.25,6' 6.25'',10.97,Murphy,36.5,,,,,,,,,,,,,,,,,,,,,,,,,,,,,,,,,,,,,,,,,,,,,,,,,203122.0,Kevin Murphy,SG,2012,,,,,,,,,,,,,,,,99.0,8' 3'',31.0,,3.42,194,78.75,6' 6.75'',203122
162,10.0,7.6,2012-13,,,,,,,,,,,,,,,,,,,,,,,,,,,,,,,Andrew,10.0,10.75,80.5,6' 8.5'',81.5,6' 9.5'',11.89,Nicholson,30.5,,,,,,,,,,,,,,,,,,,,,,,,,,,,,,,,,,,,,,,,,,,,,,,,,203094.0,Andrew Nicholson,PF,2012,,,,,,,,,,,,,,,,107.0,8' 11'',28.5,,3.67,234,88.0,7' 4'',203094
163,,8.0,2012-13,,,,,,,,,,,,,,,,,,,,,,,,,,,,,,,Kyle,9.5,10.0,80.5,6' 8.5'',82.0,6' 10'',11.65,O'Quinn,31.5,,,,,,,,,,,,,,,,,,,,,,,,,,,,,,,,,,,,,,,,,,,,,,,,,203124.0,Kyle O'Quinn,PF,2012,,,,,,,,,,,,,,,,106.5,8' 10.5'',31.5,,3.53,240.8,88.75,7' 4.75'',203124
164,15.0,11.4,2012-13,,,,,,,,,,,,,,,,,,,,,,,,,,,,,,,Miles,9.25,9.0,82.5,6' 10.5'',83.75,6' 11.75'',10.64,Plumlee,40.5,,,,,,,,,,,,,,,,,,,,,,,,,,,,,,,,,,,,,,,,,,,,,,,,,203101.0,Miles Plumlee,PF-C,2012,,,,,,,,,,,,,,,,105.5,8' 9.5'',34.0,,3.36,252.4,84.75,7' 0.75'',203101
165,1.0,6.2,2012-13,,,,,,,,,,,,,,,,,,,,,,,,,,,,,,,Austin,8.5,10.0,75.5,6' 3.5'',77.0,6' 5'',11.54,Rivers,37.5,,,,,,,,,,,,,,,,,,,,,,,,,,,,,,,,,,,,,,,,,,,,,,,,,203085.0,Austin Rivers,SG-PG,2012,,,,,,,,,,,,,,,,96.5,8' 0.5'',32.5,,3.32,202.8,79.25,6' 7.25'',203085
166,15.0,5.0,2012-13,,,,,,,,,,,,,,,,,,,,,,,,,,,,,,,Thomas,9.75,10.5,79.75,6' 7.75'',80.75,6' 8.75'',11.96,Robinson,35.5,,,,,,,,,,,,,,,,,,,,,,,,,,,,,,,,,,,,,,,,,,,,,,,,,203080.0,Thomas Robinson,PF,2012,,,,,,,,,,,,,,,,106.0,8' 10'',28.5,,3.17,244.2,87.25,7' 3.25'',203080
167,2.0,3.2,2012-13,,,,,,,,,,,,,,,,,,,,,,,,,,,,,,,Terrence,8.75,10.25,78.0,6' 6'',79.0,6' 7'',11.78,Ross,37.5,,,,,,,,,,,,,,,,,,,,,,,,,,,,,,,,,,,,,,,,,,,,,,,,,203082.0,Terrence Ross,SG-SF,2012,,,,,,,,,,,,,,,,100.5,8' 4.5'',31.0,,3.28,196.6,79.25,6' 7.25'',203082
168,14.0,10.6,2012-13,,,,,,,,,,,,,,,,,,,,,,,,,,,,,,,Mike,8.5,9.0,79.25,6' 7.25'',80.75,6' 8.75'',11.59,Scott,32.5,,,,,,,,,,,,,,,,,,,,,,,,,,,,,,,,,,,,,,,,,,,,,,,,,203118.0,Mike Scott,PF,2012,,,,,,,,,,,,,,,,104.0,8' 8'',27.0,,3.44,240.8,82.75,6' 10.75'',203118
169,7.0,7.7,2012-13,,,,,,,,,,,,,,,,,,,,,,,,,,,,,,,Henry,9.25,10.0,82.0,6' 10'',83.75,6' 11.75'',12.33,Sims,29.5,,,,,,,,,,,,,,,,,,,,,,,,,,,,,,,,,,,,,,,,,,,,,,,,,203156.0,Henry Sims,C-PF,2012,,,,,,,,,,,,,,,,108.0,9' 0'',26.5,,3.44,241.2,88.0,7' 4'',203156
170,9.0,10.7,2012-13,,,,,,,,,,,,,,,,,,,,,,,,,,,,,,,Jared,9.25,9.75,79.75,6' 7.75'',81.0,6' 9'',12.77,Sullinger,31.0,,,,,,,,,,,,,,,,,,,,,,,,,,,,,,,,,,,,,,,,,,,,,,,,,203096.0,Jared Sullinger,PF,2012,,,,,,,,,,,,,,,,105.5,8' 9.5'',29.5,,3.81,268.2,85.25,7' 1.25'',203096
171,15.0,4.2,2012-13,,,,,,,,,,,,,,,,,,,,,,,,,,,,,,,Jeff,8.25,9.75,78.0,6' 6'',79.25,6' 7.25'',10.87,Taylor,40.0,,,,,,,,,,,,,,,,,,,,,,,,,,,,,,,,,,,,,,,,,,,,,,,,,203106.0,Jeff Taylor,SF-SG,2012,,,,,,,,,,,,,,,,101.5,8' 5.5'',33.5,,3.29,212.8,78.25,6' 6.25'',203106
172,0.0,4.2,2012-13,,,,,,,,,,,,,,,,,,,,,,,,,,,,,,,Tyshawn,8.75,8.75,74.75,6' 2.75'',76.0,6' 4'',11.48,Taylor,36.5,,,,,,,,,,,,,,,,,,,,,,,,,,,,,,,,,,,,,,,,,,,,,,,,,203116.0,Tyshawn Taylor,PG,2012,,,,,,,,,,,,,,,,97.5,8' 1.5'',32.0,,3.2,177,78.25,6' 6.25'',203116
173,8.0,6.3,2012-13,,,,,,,,,,,,,,,,,,,,,,,,,,,,,,,Marquis,8.25,7.75,73.0,6' 1'',74.0,6' 2'',10.65,Teague,40.5,,,,,,,,,,,,,,,,,,,,,,,,,,,,,,,,,,,,,,,,,,,,,,,,,203104.0,Marquis Teague,PG,2012,,,,,,,,,,,,,,,,96.5,8' 0.5'',32.5,,3.19,179.8,79.25,6' 7.25'',203104
174,6.0,6.0,2012-13,,,,,,,,,,,,,,,,,,,,,,,,,,,,,,,Hollis,8.25,9.75,78.75,6' 6.75'',80.0,6' 8'',11.72,Thompson,36.5,,,,,,,,,,,,,,,,,,,,,,,,,,,,,,,,,,,,,,,,,,,,,,,,,203138.0,Hollis Thompson,SF,2012,,,,,,,,,,,,,,,,102.5,8' 6.5'',28.5,,3.38,206,81.5,6' 9.5'',203138
175,,8.5,2012-13,,,,,,,,,,,,,,,,,,,,,,,,,,,,,,,Dion,8.5,9.5,74.5,6' 2.5'',76.0,6' 4'',,Waiters,,,,,,,,,,,,,,,,,,,,,,,,,,,,,,,,,,,,,,,,,,,,,,,,,,203079.0,Dion Waiters,SG,2012,,,,,,,,,,,,,,,,98.0,8' 2'',,,,221,79.25,6' 7.25'',203079
176,,10.6,2012-13,,,,,,,,,,,,,,,,,,,,,,,,,,,,,,,Royce,9.5,11.5,79.0,6' 7'',80.0,6' 8'',,White,,,,,,,,,,,,,,,,,,,,,,,,,,,,,,,,,,,,,,,,,,,,,,,,,,203091.0,Royce White,PF,2012,,,,,,,,,,,,,,,,104.5,8' 8.5'',,,,260.6,84.0,7' 0'',203091
177,0.0,5.2,2012-13,,,,,,,,,,,,,,,,,,,,,,,,,,,,,,,Tony,8.0,9.0,76.75,6' 4.75'',78.0,6' 6'',10.75,Wroten,35.5,,,,,,,,,,,,,,,,,,,,,,,,,,,,,,,,,,,,,,,,,,,,,,,,,203100.0,Tony Wroten,PG,2012,,,,,,,,,,,,,,,,101.0,8' 5'',30.0,,3.24,203.2,81.0,6' 9'',203100
178,16.0,6.4,2012-13,,,,,,,,,,,,,,,,,,,,,,,,,,,,,,,Tyler,9.0,9.75,83.25,6' 11.25'',84.5,7' 0.5'',11.13,Zeller,34.0,,,,,,,,,,,,,,,,,,,,,,,,,,,,,,,,,,,,,,,,,,,,,,,,,203092.0,Tyler Zeller,PF-C,2012,,,,,,,,,,,,,,,,104.5,8' 8.5'',30.0,,3.4,247.4,84.0,7' 0'',203092
179,,5.8,2015-16,,,,,,,,,,,,,,,,,,,,,,,,,,,,,,,Cliff,9.5,10.25,79.25,6' 7.25'',80.5,6' 8.5'',,Alexander,,,,,,,,,,,,,,,,,,,,,,,,,,,,,,,,,,,,,,,,,,,,,,,,,,,Cliff Alexander,PF-C,2015,,,,,,,,,,,,,,,,109.5,9' 1.5'',,15000.0,,239.2,87.5,7' 3.5'',1626146
180,12.0,5.0,2015-16,5.0,2.0,0.4,5.0,4.0,0.8,5.0,5.0,1.0,5.0,4.0,0.8,5.0,1.0,0.2,,,,,,,,,,,,,,,,Justin,8.5,9.5,77.25,6' 5.25'',78.25,6' 6.25'',11.13,Anderson,43.0,2.88,5.0,3.0,0.6,5.0,0.0,0.0,5.0,3.0,0.6,5.0,0.0,0.0,5.0,3.0,0.6,,,,,,,,,,,,,7-8,8.0,7.0,0.875,6-8,8.0,6.0,0.75,6-8,8.0,6.0,0.75,,,,,32-48,48.0,32.0,0.667,,Justin Anderson,SF-SG,2015,2-5,4-5,5-5,4-5,1-5,,,,,,3-5,0-5,3-5,0-5,3-5,101.0,8' 5'',38.0,15001.0,3.22,230.6,83.75,6' 11.75'',1626147
181,8.0,8.3,2015-16,,,,,,,,,,,,,,,,,,,,,,,,,,,,,,,Devin,8.75,9.0,76.5,6' 4.5'',77.75,6' 5.75'',10.27,Booker,34.5,2.75,,,,,,,,,,,,,,,,,,,,,,,,,,,,,,,,,,,,,,,,,,,,,,,,,Devin Booker,SG,2015,,,,,,,,,,,,,,,,102.5,8' 6.5'',27.5,15004.0,3.28,205.8,80.25,6' 8.25'',1626164
182,4.0,6.1,2015-16,5.0,5.0,1.0,5.0,5.0,1.0,5.0,4.0,0.8,5.0,4.0,0.8,5.0,3.0,0.6,,,,,,,,,,,,,,,,Anthony,8.5,9.0,77.75,6' 5.75'',79.25,6' 7.25'',10.94,Brown,34.5,3.29,5.0,4.0,0.8,5.0,4.0,0.8,5.0,4.0,0.8,5.0,5.0,1.0,5.0,4.0,0.8,,,,,,,,,,,,,5-8,8.0,5.0,0.625,6-8,8.0,6.0,0.75,6-8,8.0,6.0,0.75,,,,,30-44,44.0,30.0,0.682,,Anthony Brown,SF-SG,2015,5-5,5-5,4-5,4-5,3-5,,,,,,4-5,4-5,4-5,5-5,4-5,104.5,8' 8.5'',27.5,15005.0,3.18,211,83.0,6' 11'',1626148
183,,6.3,2015-16,,,,,,,,,,,,,,,,,,,,,,,,,,,,,,,Willie,9.5,9.0,83.25,6' 11.25'',84.5,7' 0.5'',,Cauley-Stein,,,,,,,,,,,,,,,,,,,,,,,,,,,,,,,,,,,,,,,,,,,,,,,,,,,Willie Cauley-Stein,C,2015,,,,,,,,,,,,,,,,111.0,9' 3'',,15006.0,,242.4,87.0,7' 3'',1626161
184,9.0,9.6,2015-16,5.0,4.0,0.8,5.0,4.0,0.8,5.0,2.0,0.4,5.0,3.0,0.6,5.0,3.0,0.6,,,,,,,,,,,,,,,,Rakeem,9.25,9.0,80.25,6' 8.25'',81.75,6' 9.75'',11.6,Christmas,32.0,3.3,5.0,1.0,0.2,5.0,1.0,0.2,5.0,3.0,0.6,5.0,3.0,0.6,5.0,1.0,0.2,5-8,8.0,5.0,0.625,2-8,8.0,2.0,0.25,3-8,8.0,3.0,0.375,,,,,,,,,,,,,27-44,44.0,27.0,0.614,,,,,,Rakeem Christmas,PF-C,2015,4-5,4-5,2-5,3-5,3-5,,,,,,1-5,1-5,3-5,3-5,1-5,110.5,9' 2.5'',29.0,15007.0,3.47,242.6,89.25,7' 5.25'',1626176
185,13.0,10.2,2015-16,5.0,3.0,0.6,5.0,2.0,0.4,5.0,5.0,1.0,5.0,4.0,0.8,5.0,5.0,1.0,,,,,,,,,,,,,,,,Pat,8.5,9.25,76.0,6' 4'',77.25,6' 5.25'',10.58,Connaughton,44.0,3.08,5.0,5.0,1.0,5.0,2.0,0.4,5.0,4.0,0.8,5.0,3.0,0.6,5.0,3.0,0.6,,,,,,,,,,,,,6-8,8.0,6.0,0.75,4-8,8.0,4.0,0.5,2-8,8.0,2.0,0.25,15-32,32.0,15.0,0.469,,,,,,Pat Connaughton,SG,2015,3-5,2-5,5-5,4-5,5-5,,,,,,5-5,2-5,4-5,3-5,3-5,96.0,8' 0'',37.5,15008.0,3.2,215,80.0,6' 8'',1626192
186,12.0,5.8,2015-16,5.0,3.0,0.6,5.0,2.0,0.4,5.0,2.0,0.4,5.0,1.0,0.2,5.0,2.0,0.4,,,,,,,,,,,,,,,,Branden,9.0,8.75,77.5,6' 5.5'',78.75,6' 6.75'',12.22,Dawson,34.5,3.53,5.0,4.0,0.8,5.0,2.0,0.4,5.0,2.0,0.4,5.0,3.0,0.6,5.0,2.0,0.4,5-8,8.0,5.0,0.625,4-8,8.0,4.0,0.5,3-8,8.0,3.0,0.375,,,,,,,,,,,,,25-47,47.0,25.0,0.532,,,,,,Branden Dawson,PF,2015,3-5,2-5,2-5,1-5,2-5,,,,,,4-5,2-5,2-5,3-5,2-5,105.0,8' 9'',28.5,15010.0,3.2,230.2,83.0,6' 11'',1626183
187,5.0,7.5,2015-16,,,,,,,,,,,,,,,,,,,,,,,,,,,,,,,Sam,8.5,9.25,79.75,6' 7.75'',81.0,6' 9'',10.64,Dekker,34.5,2.96,,,,,,,,,,,,,,,,,,,,,,,,,,,,,,,,,,,,,,,,,,,,,,,,,Sam Dekker,SF,2015,,,,,,,,,,,,,,,,106.0,8' 10'',25.5,15012.0,3.28,218.6,83.5,6' 11.5'',1626155
188,,5.6,2015-16,,,,,,,,,,,,,,,,,,,,,,,,,,,,,,,Jerian,8.25,8.5,75.25,6' 3.25'',76.25,6' 4.25'',,Grant,,,,,,,,,,,,,,,,,,,,,,,,,,,,,,,,,,,,,,,,,,,,,,,,,,,Jerian Grant,PG,2015,,,,,,,,,,,,,,,,100.0,8' 4'',,15015.0,,198,79.5,6' 7.5'',1626170
189,,11.9,2015-16,,,,,,,,,,,,,,,,,,,,,,,,,,,,,,,Montrezl,9.0,9.75,79.0,6' 7'',79.5,6' 7.5'',,Harrell,,,,,,,,,,,,,,,,,,,,,,,,,,,,,,,,,,,,,,,,,,,,,,,,,,,Montrezl Harrell,PF,2015,,,,,,,,,,,,,,,,109.0,9' 1'',,15017.0,,253.4,88.25,7' 4.25'',1626149
190,1.0,6.0,2015-16,5.0,2.0,0.4,5.0,3.0,0.6,5.0,5.0,1.0,5.0,3.0,0.6,5.0,3.0,0.6,,,,,,,,,,,,,,,,Aaron,8.75,10.0,76.5,6' 4.5'',78.0,6' 6'',,Harrison,34.5,,5.0,1.0,0.2,5.0,3.0,0.6,5.0,0.0,0.0,5.0,3.0,0.6,5.0,1.0,0.2,,,,,,,,,,,,,2-8,8.0,2.0,0.25,4-8,8.0,4.0,0.5,5-8,8.0,5.0,0.625,21-41,41.0,21.0,0.512,,,,,,Aaron Harrison,SG,2015,2-5,3-5,5-5,3-5,3-5,,,,,,1-5,3-5,0-5,3-5,1-5,100.5,8' 4.5'',28.5,15018.0,3.27,209.2,80.25,6' 8.25'',1626151
191,13.0,5.0,2015-16,,,,,,,,,,,,,,,,,,,,,,,,,,,,,,,Rondae,8.75,9.75,77.5,6' 5.5'',79.0,6' 7'',10.41,Hollis-Jefferson,38.0,3.19,,,,,,,,,,,,,,,,,,,,,,,,,,,,,,,,,,,,,,,,,,,,,,,,,Rondae Hollis-Jefferson,SF,2015,,,,,,,,,,,,,,,,104.0,8' 8'',32.0,15022.0,3.12,210.8,86.0,7' 2'',1626178
192,15.0,8.8,2015-16,5.0,2.0,0.4,5.0,2.0,0.4,5.0,5.0,1.0,5.0,3.0,0.6,5.0,2.0,0.4,,,,,,,,,,,,,,,,Richaun,8.5,8.5,80.25,6' 8.25'',81.5,6' 9.5'',11.24,Holmes,36.0,3.31,5.0,1.0,0.2,5.0,3.0,0.6,5.0,1.0,0.2,5.0,2.0,0.4,5.0,1.0,0.2,,,,,,,,,,,,,6-8,8.0,6.0,0.75,1-8,8.0,1.0,0.125,5-8,8.0,5.0,0.625,28-47,47.0,28.0,0.596,,,,,,Richaun Holmes,PF,2015,2-5,2-5,5-5,3-5,2-5,,,,,,1-5,3-5,1-5,2-5,1-5,108.0,9' 0'',32.5,15024.0,3.32,242.8,85.5,7' 1.5'',1626158
193,,7.5,2015-16,,,,,,,,,,,,,,,,,,,,,,,,,,,,,,,Stanley,9.0,9.0,77.0,6' 5'',78.5,6' 6.5'',,Johnson,,,,,,,,,,,,,,,,,,,,,,,,,,,,,,,,,,,,,,,,,,,,,,,,,,,Stanley Johnson,SF,2015,,,,,,,,,,,,,,,,102.0,8' 6'',,15029.0,,241.8,83.5,6' 11.5'',1626169
194,2.0,6.5,2015-16,,,,,,,,,,,,,,,,,,,,,,,,,,,,,,,Tyus,8.25,8.75,72.5,6' 0.5'',74.0,6' 2'',11.84,Jones,32.5,2.95,,,,,,,,,,,,,,,,,,,,,,,,,,,,,,,,,,,,,,,,,,,,,,,,,Tyus Jones,PG,2015,,,,,,,,,,,,,,,,97.0,8' 1'',26.5,15030.0,3.32,184.6,77.0,6' 5'',1626145
195,,9.4,2015-16,,,,,,,,,,,,,,,,,,,,,,,,,,,,,,,Frank,8.5,9.5,83.75,6' 11.75'',84.75,7' 0.75'',,Kaminsky,,,,,,,,,,,,,,,,,,,,,,,,,,,,,,,,,,,,,,,,,,,,,,,,,,,Frank Kaminsky,C-PF,2015,,,,,,,,,,,,,,,,109.5,9' 1.5'',,15031.0,,231.2,83.0,6' 11'',1626163
196,,11.9,2015-16,,,,,,,,,,,,,,,,,,,,,,,,,,,,,,,Kevon,9.5,9.25,80.0,6' 8'',81.25,6' 9.25'',,Looney,,,,,,,,,,,,,,,,,,,,,,,,,,,,,,,,,,,,,,,,,,,,,,,,,,,Kevon Looney,PF,2015,,,,,,,,,,,,,,,,110.0,9' 2'',,15032.0,,222.4,87.5,7' 3.5'',1626172
197,,12.1,2015-16,,,,,,,,,,,,,,,,,,,,,,,,,,,,,,,Trey,9.25,10.25,81.0,6' 9'',82.25,6' 10.25'',,Lyles,,,,,,,,,,,,,,,,,,,,,,,,,,,,,,,,,,,,,,,,,,,,,,,,,,,Trey Lyles,PF,2015,,,,,,,,,,,,,,,,108.0,9' 0'',,15033.0,,241.2,85.5,7' 1.5'',1626168
198,19.0,10.1,2015-16,,,,,,,,,,,,,,,,,,,,,,,,,,,,,,,Jarell,8.25,9.5,80.0,6' 8'',81.25,6' 9.25'',11.2,Martin,35.0,2.97,,,,,,,,,,,,,,,,,,,,,,,,,,,,,,,,,,,,,,,,,,,,,,,,,Jarell Martin,PF,2015,,,,,,,,,,,,,,,,106.5,8' 10.5'',28.5,15034.0,3.27,238.6,81.0,6' 9'',1626185
199,7.0,7.3,2015-16,5.0,4.0,0.8,5.0,4.0,0.8,5.0,4.0,0.8,5.0,2.0,0.4,5.0,3.0,0.6,,,,,,,,,,,,,,,,TJ,7.5,7.0,72.5,6' 0.5'',74.0,6' 2'',10.95,McConnell,31.5,3.09,5.0,3.0,0.6,5.0,5.0,1.0,5.0,2.0,0.4,5.0,1.0,0.2,5.0,2.0,0.4,,,,,,,,,,,,,5-8,8.0,5.0,0.625,4-8,8.0,4.0,0.5,5-8,8.0,5.0,0.625,36-47,47.0,36.0,0.766,,,,,,TJ McConnell,PG,2015,4-5,4-5,4-5,2-5,3-5,,,,,,3-5,5-5,2-5,1-5,2-5,96.5,8' 0.5'',26.0,15035.0,3.3,187.8,74.0,6' 2'',204456
200,,6.2,2015-16,,,,,,,,,,,,,,,,,,,,,,,,,,,,,,,Chris,8.75,8.75,80.25,6' 8.25'',81.0,6' 9'',,McCullough,,,,,,,,,,,,,,,,,,,,,,,,,,,,,,,,,,,,,,,,,,,,,,,,,,,Chris McCullough,PF,2015,,,,,,,,,,,,,,,,109.0,9' 1'',,15036.0,,199,87.25,7' 3.25'',1626191
201,9.0,7.2,2015-16,5.0,2.0,0.4,5.0,5.0,1.0,5.0,3.0,0.6,5.0,1.0,0.2,5.0,3.0,0.6,,,,,,,,,,,,,,,,Jordan,8.75,9.5,79.0,6' 7'',80.25,6' 8.25'',11.72,Mickey,37.5,3.13,5.0,1.0,0.2,5.0,3.0,0.6,5.0,2.0,0.4,5.0,2.0,0.4,5.0,3.0,0.6,6-8,8.0,6.0,0.75,7-8,8.0,7.0,0.875,6-8,8.0,6.0,0.75,,,,,,,,,,,,,28-47,47.0,28.0,0.596,,,,,,Jordan Mickey,PF,2015,2-5,5-5,3-5,1-5,3-5,,,,,,1-5,3-5,2-5,2-5,3-5,106.0,8' 10'',33.0,15037.0,3.28,238,87.25,7' 3.25'',1626175
202,7.0,5.7,2015-16,,,,,,,,,,,,,,,,,,,,,,,,,,,,,,,Kelly,9.0,8.75,77.75,6' 5.75'',78.75,6' 6.75'',11.09,Oubre,37.0,3.12,,,,,,,,,,,,,,,,,,,,,,,,,,,,,,,,,,,,,,,,,,,,,,,,,Kelly Oubre,SF-SG,2015,,,,,,,,,,,,,,,,102.5,8' 6.5'',34.5,15039.0,3.32,202.8,86.25,7' 2.25'',1626162
203,0.0,6.3,2015-16,5.0,3.0,0.6,5.0,4.0,0.8,5.0,5.0,1.0,5.0,4.0,0.8,5.0,3.0,0.6,,,,,,,,,,,,,,,,Cameron,8.5,8.25,72.75,6' 0.75'',73.5,6' 1.5'',10.9,Payne,35.5,2.93,5.0,4.0,0.8,5.0,3.0,0.6,5.0,3.0,0.6,5.0,3.0,0.6,5.0,1.0,0.2,,,,,,,,,,,,,1-8,8.0,1.0,0.125,6-8,8.0,6.0,0.75,5-8,8.0,5.0,0.625,,,,,25-42,42.0,25.0,0.595,,Cameron Payne,PG,2015,3-5,4-5,5-5,4-5,3-5,,,,,,4-5,3-5,3-5,3-5,1-5,97.5,8' 1.5'',29.75,15040.0,3.28,182.8,79.25,6' 7.25'',1626166
204,5.0,8.9,2015-16,,,,,,,,,,,,,,,,,,,,,,,,,,,,,,,Bobby,9.5,9.25,81.5,6' 9.5'',82.5,6' 10.5'',11.78,Portis,31.5,3.28,,,,,,,,,,,,,,,,,,,,,,,,,,,,,,,,,,,,,,,,,,,,,,,,,Bobby Portis,PF,2015,,,,,,,,,,,,,,,,108.5,9' 0.5'',25.0,15042.0,3.56,246.2,86.0,7' 2'',1626171
205,5.0,6.4,2015-16,5.0,2.0,0.4,5.0,1.0,0.2,5.0,4.0,0.8,5.0,4.0,0.8,5.0,5.0,1.0,,,,,,,,,,,,,,,,Norman,9.25,9.0,75.0,6' 3'',76.25,6' 4.25'',10.69,Powell,40.5,3.2,5.0,2.0,0.4,5.0,1.0,0.2,5.0,3.0,0.6,5.0,3.0,0.6,5.0,2.0,0.4,,,,,,,,,,,,,8-8,8.0,8.0,1.0,5-8,8.0,5.0,0.625,6-8,8.0,6.0,0.75,26-42,42.0,26.0,0.619,,,,,,Norman Powell,SG,2015,2-5,1-5,4-5,4-5,5-5,,,,,,2-5,1-5,3-5,3-5,2-5,102.5,8' 6.5'',32.5,15043.0,3.2,215.4,82.75,6' 10.75'',1626181
206,7.0,5.6,2015-16,5.0,4.0,0.8,5.0,4.0,0.8,5.0,4.0,0.8,5.0,3.0,0.6,5.0,4.0,0.8,,,,,,,,,,,,,,,,Terry,8.25,8.5,72.5,6' 0.5'',74.25,6' 2.25'',10.84,Rozier,38.0,2.84,5.0,5.0,1.0,5.0,3.0,0.6,5.0,5.0,1.0,5.0,4.0,0.8,5.0,5.0,1.0,,,,,,,,,,,,,5-8,8.0,5.0,0.625,6-8,8.0,6.0,0.75,5-8,8.0,5.0,0.625,,,,,38-47,47.0,38.0,0.809,,Terry Rozier,PG-SG,2015,4-5,4-5,4-5,3-5,4-5,,,,,,5-5,3-5,5-5,4-5,5-5,98.5,8' 2.5'',33.0,15046.0,3.15,190.2,80.25,6' 8.25'',1626179
207,3.0,5.3,2015-16,5.0,2.0,0.4,5.0,2.0,0.4,5.0,3.0,0.6,5.0,2.0,0.4,5.0,2.0,0.4,,,,,,,,,,,,,,,,Marcus,8.25,8.5,73.75,6' 1.75'',74.75,6' 2.75'',10.78,Thornton,43.0,2.88,5.0,4.0,0.8,5.0,2.0,0.4,5.0,3.0,0.6,5.0,1.0,0.2,5.0,3.0,0.6,,,,,,,,,,,,,2-8,8.0,2.0,0.25,5-8,8.0,5.0,0.625,6-8,8.0,6.0,0.75,28-45,45.0,28.0,0.622,,,,,,Marcus Thornton,PG-SG,2015,2-5,2-5,3-5,2-5,2-5,,,,,,4-5,2-5,3-5,1-5,3-5,97.5,8' 1.5'',34.5,15050.0,3.02,177.4,79.75,6' 7.75'',201977
208,,9.3,2015-16,,,,,,,,,,,,,,,,,,,,,,,,,,,,,,,Myles,9.25,9.25,81.75,6' 9.75'',83.5,6' 11.5'',,Turner,,,,,,,,,,,,,,,,,,,,,,,,,,,,,,,,,,,,,,,,,,,,,,,,,,,Myles Turner,C-PF,2015,,,,,,,,,,,,,,,,112.0,9' 4'',,15052.0,,238.6,88.0,7' 4'',1626167
209,5.0,6.2,2015-16,5.0,3.0,0.6,5.0,2.0,0.4,5.0,3.0,0.6,5.0,4.0,0.8,5.0,4.0,0.8,,,,,,,,,,,,,,,,Rashad,8.0,8.5,75.75,6' 3.75'',77.0,6' 5'',11.4,Vaughn,34.0,3.1,,,,,,,,,,,,,,,,,,,,,,,,,,,,5-6,6.0,5.0,0.833,8-8,8.0,8.0,1.0,4-6,6.0,4.0,0.667,,,,,28-40,40.0,28.0,0.7,,Rashad Vaughn,SG,2015,3-5,2-5,3-5,4-5,4-5,,,,,,,,,,,101.0,8' 5'',28.0,15054.0,3.21,198.6,79.0,6' 7'',1626173
210,8.0,12.0,2015-16,5.0,3.0,0.6,5.0,3.0,0.6,5.0,2.0,0.4,5.0,3.0,0.6,5.0,2.0,0.4,,,,,,,,,,,,,,,,Alan,8.5,9.5,79.25,6' 7.25'',80.25,6' 8.25'',12.26,Williams,28.5,3.54,5.0,0.0,0.0,5.0,0.0,0.0,5.0,0.0,0.0,5.0,1.0,0.2,5.0,0.0,0.0,7-8,8.0,7.0,0.875,2-8,8.0,2.0,0.25,3-8,8.0,3.0,0.375,,,,,,,,,,,,,,,,,5-12,12.0,5.0,0.417,,Alan Williams,PF,2015,3-5,3-5,2-5,3-5,2-5,,,,,,0-5,0-5,0-5,1-5,0-5,106.5,8' 10.5'',25.5,15058.0,3.5,261.4,85.75,7' 1.75'',1626210
211,,5.3,2015-16,,,,,,,,,,,,,,,,,,,,,,,,,,,,,,,Justise,8.5,9.25,76.5,6' 4.5'',78.5,6' 6.5'',,Winslow,,,,,,,,,,,,,,,,,,,,,,,,,,,,,,,,,,,,,,,,,,,,,,,,,,,Justise Winslow,SF,2015,,,,,,,,,,,,,,,,104.5,8' 8.5'',,15059.0,,221.8,82.25,6' 10.25'',1626159
212,,14.7,2015-16,,,,,,,,,,,,,,,,,,,,,,,,,,,,,,,Christian,9.25,10.75,81.25,6' 9.25'',82.5,6' 10.5'',,Wood,,,,,,,,,,,,,,,,,,,,,,,,,,,,,,,,,,,,,,,,,,,,,,,,,,,Christian Wood,PF,2015,,,,,,,,,,,,,,,,111.5,9' 3.5'',,15060.0,,216,87.25,7' 3.25'',1626174
213,4.0,6.6,2015-16,,,,,,,,,,,,,,,,,,,,,,,,,,,,,,,Delon,8.0,8.5,76.25,6' 4.25'',77.5,6' 5.5'',11.16,Wright,31.0,3.5,,,,,,,,,,,,,,,,,,,,,,,,,,,,,,,,,,,,,,,,,,,,,,,,,Delon Wright,PG,2015,,,,,,,,,,,,,,,,101.5,8' 5.5'',29.5,15061.0,3.29,181.4,79.5,6' 7.5'',1626153
